﻿
1,1, Hot Chocolate,1.4
2,2, Cortado,2.05
3,2, Red Label tea,1.2
4,2,Large Cappuccino,2.45
5,2, Iced americano,2.15
6,2, Iced americano,2.15
7,3, Mocha,2.3
8,4, Frappes - Chocolate Cookie,2.75
9,4,Large Flavoured hot chocolate - Vanilla,2.9
10,5, Speciality Tea - Peppermint,1.3
11,5,Regular Filter coffee,1.5
12,5,Large Flavoured hot chocolate - Vanilla,2.9
13,6, Frappes - Strawberries & Cream,2.75
14,6,Large Cappuccino,2.45
15,7, Flavoured iced latte - Hazelnut,2.75
16,7, Mocha,2.3
17,7,Regular Flavoured hot chocolate - Vanilla,2.6
18,8, Iced latte,2.35
19,8, Glass of milk,0.7
20,8, Cortado,2.05
21,9, Speciality Tea - English breakfast,1.3
22,9,Large Cappuccino,2.45
23,9, Flavoured iced latte - Hazelnut,2.75
24,9,Large Americano,2.25
25,9, Frappes - Strawberries & Cream,2.75
26,10,Regular Flavoured hot chocolate - Caramel,2.6
27,10,Regular Flavoured latte - Hazelnut,2.55
28,10, Flavoured iced latte - Hazelnut,2.75
29,10, Speciality Tea - English breakfast,1.3
30,11, Speciality Tea - Green,1.3
31,11, Speciality Tea - Peppermint,1.3
32,11, Flat white,2.15
33,12, Speciality Tea - Camomile,1.3
34,12,Large Latte,2.45
35,12, Iced americano,2.15
36,12,Large Flavoured hot chocolate - Caramel,2.9
37,12, Iced americano,2.15
38,13,Regular Americano,1.95
39,13, Frappes - Chocolate Cookie,2.75
40,13,Large Flavoured hot chocolate - Vanilla,2.9
41,14,Regular Hot chocolate,2.2
42,14, Cortado,2.05
43,14,Regular Filter coffee,1.5
44,14, Glass of milk,0.7
45,15,Regular Flavoured latte - Gingerbread,2.55
46,15,Regular Flavoured latte - Hazelnut,2.55
47,15, Babyccino,0.0
48,15,Large Flavoured hot chocolate - Hazelnut,2.9
49,15, Flavoured iced latte - Vanilla,2.75
50,16, Iced americano,2.15
51,17, Cortado,2.05
52,18, Speciality Tea - Green,1.3
53,18, Speciality Tea - Camomile,1.3
54,19,Large Flavoured hot chocolate - Vanilla,2.9
55,20, Cortado,2.05
56,21, Flat white,2.15
57,21, Flavoured iced latte - Hazelnut,2.75
58,22,Regular Flavoured latte - Vanilla,2.55
59,22,Regular Chai latte,2.3
60,23,Large Chai latte,2.6
61,23, Smoothies - Carrot Kick,2.0
62,23,Large Flavoured latte - Gingerbread,2.85
63,23, Iced latte,2.35
64,23,Large Chai latte,2.6
65,24, Speciality Tea - Fruit,1.3
66,25, Frappes - Chocolate Cookie,2.75
67,25, Speciality Tea - Green,1.3
68,25, Frappes - Coffee,2.75
69,25, Mocha,2.3
70,25, Smoothies - Carrot Kick,2.0
71,26,Large Flavoured hot chocolate - Hazelnut,2.9
72,27,Large Espresso,1.8
73,27, Speciality Tea - Camomile,1.3
74,28,Regular Americano,1.95
75,28, Speciality Tea - Camomile,1.3
76,29,Large Americano,2.25
77,29, Smoothies - Carrot Kick,2.0
78,29,Regular Flavoured hot chocolate - Hazelnut,2.6
79,30,Regular Flavoured hot chocolate - Caramel,2.6
80,30,Regular Flavoured latte - Vanilla,2.55
81,31,Regular Flavoured latte - Vanilla,2.55
82,31, Cortado,2.05
83,31, Speciality Tea - English breakfast,1.3
84,31,Large Chai latte,2.6
85,32,Large Espresso,1.8
86,33, Speciality Tea - Earl Grey,1.3
87,33,Regular Flavoured hot chocolate - Caramel,2.6
88,33, Frappes - Chocolate Cookie,2.75
89,33,Regular Flavoured hot chocolate - Hazelnut,2.6
90,33,Regular Chai latte,2.3
91,34, Speciality Tea - Green,1.3
92,34,Large Flavoured hot chocolate - Caramel,2.9
93,34, Speciality Tea - Camomile,1.3
94,34, Speciality Tea - English breakfast,1.3
95,35, Frappes - Chocolate Cookie,2.75
96,36, Speciality Tea - Earl Grey,1.3
97,36, Cortado,2.05
98,36,Regular Flavoured hot chocolate - Caramel,2.6
99,36, Iced americano,2.15
100,37, Iced americano,2.15
101,37, Flavoured iced latte - Caramel,2.75
102,37, Speciality Tea - Fruit,1.3
103,38, Mocha,2.3
104,38, Flat white,2.15
105,38,Regular Chai latte,2.3
106,38,Large Flavoured latte - Gingerbread,2.85
107,38,Regular Flavoured latte - Vanilla,2.55
108,39,Large Flavoured latte - Caramel,2.85
109,40,Regular Flavoured hot chocolate - Hazelnut,2.6
110,40, Speciality Tea - Green,1.3
111,40,Large Espresso,1.8
112,41, Iced latte,2.35
113,42,Large Luxury hot chocolate,2.7
114,43,Regular Filter coffee,1.5
115,43, Iced latte,2.35
116,43, Flavoured iced latte - Caramel,2.75
117,43,Regular Filter coffee,1.5
118,44,Large Espresso,1.8
119,45, Flavoured iced latte - Hazelnut,2.75
120,45,Regular Chai latte,2.3
121,46,Large Flavoured latte - Gingerbread,2.85
122,47,Large Chai latte,2.6
123,48, Hot Chocolate,1.4
124,48, Frappes - Chocolate Cookie,2.75
125,48,Regular Flavoured hot chocolate - Hazelnut,2.6
126,48, Speciality Tea - Camomile,1.3
127,49,Regular Flavoured hot chocolate - Hazelnut,2.6
128,50,Large Flavoured hot chocolate - Hazelnut,2.9
129,50, Cortado,2.05
130,51, Smoothies - Berry Beautiful,2.0
131,51, Flat white,2.15
132,51,Regular Flavoured hot chocolate - Hazelnut,2.6
133,51,Regular Filter coffee,1.5
134,52,Regular Latte,2.15
135,52,Regular Espresso,1.5
136,52,Regular Hot chocolate,2.2
137,53,Regular Flavoured latte - Hazelnut,2.55
138,53, Iced americano,2.15
139,53, Frappes - Strawberries & Cream,2.75
140,54, Red Label tea,1.2
141,54,Regular Flavoured latte - Caramel,2.55
142,54, Speciality Tea - Earl Grey,1.3
143,54, Speciality Tea - Darjeeling,1.3
144,54, Iced americano,2.15
145,55,Regular Flavoured hot chocolate - Caramel,2.6
146,56, Cortado,2.05
147,56, Speciality Tea - English breakfast,1.3
148,57,Regular Hot chocolate,2.2
149,57,Large Flavoured latte - Gingerbread,2.85
150,57, Speciality Tea - Green,1.3
151,58, Glass of milk,0.7
152,58, Flat white,2.15
153,59, Hot Chocolate,1.4
154,59, Frappes - Chocolate Cookie,2.75
155,59,Large Flavoured latte - Hazelnut,2.85
156,60, Iced latte,2.35
157,60, Speciality Tea - English breakfast,1.3
158,60, Iced americano,2.15
159,60, Speciality Tea - Fruit,1.3
160,60, Mocha,2.3
161,61, Mocha,2.3
162,61,Large Latte,2.45
163,62,Regular Hot chocolate,2.2
164,62,Large Americano,2.25
165,62, Smoothies - Carrot Kick,2.0
166,62, Glass of milk,0.7
167,62, Flavoured iced latte - Hazelnut,2.75
168,63,Large Chai latte,2.6
169,63, Flat white,2.15
170,63, Smoothies - Berry Beautiful,2.0
171,63, Red Label tea,1.2
172,64,Regular Flavoured hot chocolate - Hazelnut,2.6
173,64, Frappes - Coffee,2.75
174,64, Glass of milk,0.7
175,64,Large Americano,2.25
176,65, Flat white,2.15
177,65,Regular Espresso,1.5
178,65, Frappes - Coffee,2.75
179,66, Speciality Tea - Earl Grey,1.3
180,66, Speciality Tea - Green,1.3
181,67, Flavoured iced latte - Hazelnut,2.75
182,67, Smoothies - Carrot Kick,2.0
183,67, Flavoured iced latte - Vanilla,2.75
184,67,Large Flavoured hot chocolate - Hazelnut,2.9
185,68, Glass of milk,0.7
186,68, Smoothies - Glowing Greens,2.0
187,68,Large Flavoured latte - Vanilla,2.85
188,69,Large Espresso,1.8
189,69,Large Flavoured hot chocolate - Hazelnut,2.9
190,69,Regular Hot chocolate,2.2
191,70, Speciality Tea - Green,1.3
192,70, Mocha,2.3
193,70,Large Flavoured hot chocolate - Hazelnut,2.9
194,70,Large Americano,2.25
195,71,Regular Flavoured hot chocolate - Vanilla,2.6
196,71, Frappes - Chocolate Cookie,2.75
197,71, Hot Chocolate,1.4
198,71, Flavoured iced latte - Vanilla,2.75
199,72,Regular Flavoured latte - Vanilla,2.55
200,72, Speciality Tea - Peppermint,1.3
201,72, Frappes - Strawberries & Cream,2.75
202,72,Regular Cappuccino,2.15
203,72,Large Chai latte,2.6
204,73, Speciality Tea - Camomile,1.3
205,74, Speciality Tea - Peppermint,1.3
206,74, Speciality Tea - Camomile,1.3
207,75,Regular Flavoured hot chocolate - Vanilla,2.6
208,76,Large Flavoured hot chocolate - Hazelnut,2.9
209,77, Frappes - Coffee,2.75
210,77,Large Flavoured latte - Gingerbread,2.85
211,77, Hot Chocolate,1.4
212,78, Speciality Tea - Fruit,1.3
213,78, Flavoured iced latte - Vanilla,2.75
214,78, Glass of milk,0.7
215,78, Babyccino,0.0
216,78,Regular Americano,1.95
217,79, Red Label tea,1.2
218,79,Large Flavoured hot chocolate - Caramel,2.9
219,79, Iced latte,2.35
220,80, Smoothies - Berry Beautiful,2.0
221,80, Cortado,2.05
222,80, Iced americano,2.15
223,80,Regular Flavoured hot chocolate - Vanilla,2.6
224,80, Speciality Tea - Peppermint,1.3
225,81, Mocha,2.3
226,82,Regular Americano,1.95
227,82, Smoothies - Glowing Greens,2.0
228,82, Red Label tea,1.2
229,82, Frappes - Strawberries & Cream,2.75
230,83, Frappes - Coffee,2.75
231,83, Babyccino,0.0
232,84, Speciality Tea - Green,1.3
233,85, Speciality Tea - English breakfast,1.3
234,85,Large Americano,2.25
235,85,Large Flavoured hot chocolate - Hazelnut,2.9
236,86,Large Flavoured latte - Caramel,2.85
237,86, Iced americano,2.15
238,87,Regular Flavoured hot chocolate - Hazelnut,2.6
239,87, Hot Chocolate,1.4
240,87, Smoothies - Carrot Kick,2.0
241,87,Large Hot chocolate,2.9
242,87,Large Hot chocolate,2.9
243,88, Iced latte,2.35
244,89,Large Flavoured hot chocolate - Caramel,2.9
245,89, Speciality Tea - Camomile,1.3
246,89, Flat white,2.15
247,89,Regular Flavoured latte - Vanilla,2.55
248,90, Glass of milk,0.7
249,90,Large Flavoured latte - Caramel,2.85
250,90,Large Filter coffee,1.8
251,90,Regular Flavoured latte - Hazelnut,2.55
252,91, Flavoured iced latte - Hazelnut,2.75
253,91, Glass of milk,0.7
254,91,Large Filter coffee,1.8
255,91,Large Filter coffee,1.8
256,91,Regular Americano,1.95
257,92,Regular Flavoured hot chocolate - Hazelnut,2.6
258,93, Flavoured iced latte - Hazelnut,2.75
259,93,Large Luxury hot chocolate,2.7
260,93, Speciality Tea - Fruit,1.3
261,93,Regular Flavoured latte - Hazelnut,2.55
262,94,Regular Hot chocolate,2.2
263,94, Iced latte,2.35
264,94, Iced latte,2.35
265,94,Regular Americano,1.95
266,94, Speciality Tea - Earl Grey,1.3
267,95,Regular Americano,1.95
268,95, Speciality Tea - Peppermint,1.3
269,96, Mocha,2.3
270,96,Large Flavoured latte - Caramel,2.85
271,96,Large Hot chocolate,2.9
272,96, Glass of milk,0.7
273,97, Speciality Tea - Green,1.3
274,97, Smoothies - Glowing Greens,2.0
275,97, Smoothies - Carrot Kick,2.0
276,97, Red Label tea,1.2
277,97, Glass of milk,0.7
278,98,Large Latte,2.45
279,98,Regular Hot chocolate,2.2
280,98,Large Flavoured hot chocolate - Vanilla,2.9
281,98, Smoothies - Carrot Kick,2.0
282,98, Speciality Tea - English breakfast,1.3
283,99, Speciality Tea - Earl Grey,1.3
284,99,Regular Hot chocolate,2.2
285,99, Frappes - Chocolate Cookie,2.75
286,99,Regular Americano,1.95
287,99, Iced latte,2.35
288,100, Frappes - Coffee,2.75
289,100,Regular Flavoured latte - Vanilla,2.55
290,100, Flat white,2.15
291,101, Flat white,2.15
292,101,Regular Americano,1.95
293,102, Iced latte,2.35
294,102,Large Americano,2.25
295,102, Flavoured iced latte - Hazelnut,2.75
296,102, Babyccino,0.0
297,103, Smoothies - Glowing Greens,2.0
298,104, Speciality Tea - Darjeeling,1.3
299,104, Frappes - Strawberries & Cream,2.75
300,104, Speciality Tea - Earl Grey,1.3
301,105, Speciality Tea - Fruit,1.3
302,105, Flavoured iced latte - Caramel,2.75
303,106,Large Flavoured latte - Hazelnut,2.85
304,106,Regular Cappuccino,2.15
305,107,Regular Flavoured latte - Caramel,2.55
306,107,Large Chai latte,2.6
307,108, Smoothies - Carrot Kick,2.0
308,108, Speciality Tea - Camomile,1.3
309,108, Red Label tea,1.2
310,108, Speciality Tea - Earl Grey,1.3
311,109, Babyccino,0.0
312,110, Speciality Tea - Darjeeling,1.3
313,110,Large Flavoured hot chocolate - Caramel,2.9
314,110, Smoothies - Carrot Kick,2.0
315,110,Regular Flavoured hot chocolate - Vanilla,2.6
316,111, Frappes - Coffee,2.75
317,112, Smoothies - Carrot Kick,2.0
318,112, Speciality Tea - Green,1.3
319,112, Speciality Tea - Fruit,1.3
320,112,Regular Latte,2.15
321,113,Regular Flavoured latte - Gingerbread,2.55
322,114, Speciality Tea - English breakfast,1.3
323,114,Regular Hot chocolate,2.2
324,114,Regular Flavoured latte - Caramel,2.55
325,115,Large Luxury hot chocolate,2.7
326,115,Regular Hot chocolate,2.2
327,115, Speciality Tea - Darjeeling,1.3
328,115,Regular Flavoured latte - Vanilla,2.55
329,115,Regular Flavoured latte - Gingerbread,2.55
330,116, Speciality Tea - Green,1.3
331,117, Speciality Tea - Fruit,1.3
332,117, Iced latte,2.35
333,117,Regular Espresso,1.5
334,117, Speciality Tea - Peppermint,1.3
335,117, Babyccino,0.0
336,118,Large Americano,2.25
337,119,Regular Latte,2.15
338,120,Large Flavoured latte - Hazelnut,2.85
339,120, Speciality Tea - Darjeeling,1.3
340,121, Speciality Tea - Fruit,1.3
341,121,Large Flavoured hot chocolate - Vanilla,2.9
342,121, Speciality Tea - Darjeeling,1.3
343,122, Speciality Tea - Fruit,1.3
344,122,Large Flavoured latte - Gingerbread,2.85
345,123,Regular Flavoured hot chocolate - Caramel,2.6
346,123,Large Hot chocolate,2.9
347,123, Babyccino,0.0
348,123,Regular Hot chocolate,2.2
349,124,Regular Flavoured latte - Caramel,2.55
350,124, Frappes - Coffee,2.75
351,124, Speciality Tea - Darjeeling,1.3
352,124, Speciality Tea - Peppermint,1.3
353,124, Mocha,2.3
354,125, Speciality Tea - Fruit,1.3
355,125, Iced latte,2.35
356,125,Large Hot chocolate,2.9
357,125, Smoothies - Carrot Kick,2.0
358,126,Large Latte,2.45
359,126, Hot Chocolate,1.4
360,126,Regular Cappuccino,2.15
361,127, Speciality Tea - Peppermint,1.3
362,128,Regular Flavoured latte - Caramel,2.55
363,128, Babyccino,0.0
364,128,Regular Flavoured latte - Hazelnut,2.55
365,128,Large Filter coffee,1.8
366,128, Speciality Tea - Peppermint,1.3
367,129, Iced latte,2.35
368,129, Glass of milk,0.7
369,129, Speciality Tea - English breakfast,1.3
370,129, Red Label tea,1.2
371,130, Smoothies - Berry Beautiful,2.0
372,130, Smoothies - Berry Beautiful,2.0
373,131,Regular Luxury hot chocolate,2.4
374,131, Speciality Tea - Earl Grey,1.3
375,131,Regular Filter coffee,1.5
376,132, Iced americano,2.15
377,132, Frappes - Coffee,2.75
378,133, Speciality Tea - Earl Grey,1.3
379,133, Frappes - Strawberries & Cream,2.75
380,133,Large Flavoured hot chocolate - Caramel,2.9
381,134, Frappes - Strawberries & Cream,2.75
382,134, Speciality Tea - Camomile,1.3
383,134, Iced latte,2.35
384,134, Speciality Tea - Darjeeling,1.3
385,134,Large Flavoured latte - Hazelnut,2.85
386,135,Regular Filter coffee,1.5
387,135,Regular Filter coffee,1.5
388,135, Frappes - Chocolate Cookie,2.75
389,136, Glass of milk,0.7
390,136, Babyccino,0.0
391,136, Flavoured iced latte - Hazelnut,2.75
392,137,Large Filter coffee,1.8
393,137,Regular Hot chocolate,2.2
394,138, Speciality Tea - Earl Grey,1.3
395,138, Speciality Tea - Camomile,1.3
396,138,Regular Filter coffee,1.5
397,138,Regular Hot chocolate,2.2
398,138,Large Flavoured latte - Hazelnut,2.85
399,139,Large Flavoured hot chocolate - Hazelnut,2.9
400,139, Frappes - Coffee,2.75
401,139, Speciality Tea - Fruit,1.3
402,139, Mocha,2.3
403,140,Regular Flavoured latte - Vanilla,2.55
404,140, Smoothies - Berry Beautiful,2.0
405,140,Large Hot chocolate,2.9
406,140,Regular Cappuccino,2.15
407,141,Large Flavoured hot chocolate - Vanilla,2.9
408,141, Speciality Tea - English breakfast,1.3
409,142, Iced americano,2.15
410,142, Flavoured iced latte - Vanilla,2.75
411,143,Large Luxury hot chocolate,2.7
412,143, Speciality Tea - English breakfast,1.3
413,143, Hot Chocolate,1.4
414,144, Smoothies - Glowing Greens,2.0
415,145, Cortado,2.05
416,145,Large Latte,2.45
417,145, Flavoured iced latte - Caramel,2.75
418,145, Iced latte,2.35
419,145, Flat white,2.15
420,146, Frappes - Chocolate Cookie,2.75
421,146, Speciality Tea - Darjeeling,1.3
422,147,Large Flavoured latte - Caramel,2.85
423,147, Speciality Tea - Green,1.3
424,147,Regular Flavoured latte - Hazelnut,2.55
425,147,Large Flavoured latte - Caramel,2.85
426,147,Large Americano,2.25
427,148,Regular Flavoured latte - Gingerbread,2.55
428,149, Speciality Tea - Fruit,1.3
429,149,Regular Filter coffee,1.5
430,149,Regular Hot chocolate,2.2
431,150, Speciality Tea - Fruit,1.3
432,151, Speciality Tea - Darjeeling,1.3
433,151, Speciality Tea - Darjeeling,1.3
434,151, Iced latte,2.35
435,151, Flavoured iced latte - Hazelnut,2.75
436,151,Regular Flavoured latte - Caramel,2.55
437,152, Frappes - Coffee,2.75
438,152,Large Americano,2.25
439,152, Smoothies - Glowing Greens,2.0
440,152, Iced americano,2.15
441,153, Speciality Tea - English breakfast,1.3
442,154, Hot Chocolate,1.4
443,154, Hot Chocolate,1.4
444,154, Speciality Tea - Green,1.3
445,155, Flavoured iced latte - Hazelnut,2.75
446,155,Regular Flavoured latte - Vanilla,2.55
447,155, Mocha,2.3
448,156,Regular Flavoured hot chocolate - Vanilla,2.6
449,157, Smoothies - Glowing Greens,2.0
450,157,Large Flavoured latte - Gingerbread,2.85
451,157, Frappes - Chocolate Cookie,2.75
452,158,Large Flavoured hot chocolate - Hazelnut,2.9
453,158,Large Flavoured hot chocolate - Caramel,2.9
454,158, Iced latte,2.35
455,159, Babyccino,0.0
456,159, Smoothies - Berry Beautiful,2.0
457,159, Hot Chocolate,1.4
458,160, Smoothies - Carrot Kick,2.0
459,160, Frappes - Coffee,2.75
460,161, Iced americano,2.15
461,161,Regular Flavoured hot chocolate - Hazelnut,2.6
462,162, Iced latte,2.35
463,162, Iced latte,2.35
464,162,Regular Latte,2.15
465,163, Babyccino,0.0
466,163,Regular Flavoured hot chocolate - Vanilla,2.6
467,164, Frappes - Chocolate Cookie,2.75
468,164, Smoothies - Glowing Greens,2.0
469,164,Large Latte,2.45
470,164, Speciality Tea - Earl Grey,1.3
471,164, Speciality Tea - Peppermint,1.3
472,165,Regular Flavoured hot chocolate - Hazelnut,2.6
473,165,Regular Cappuccino,2.15
474,165, Flavoured iced latte - Caramel,2.75
475,165, Glass of milk,0.7
476,165, Speciality Tea - English breakfast,1.3
477,166, Smoothies - Carrot Kick,2.0
478,166, Flavoured iced latte - Hazelnut,2.75
479,166, Frappes - Coffee,2.75
480,166, Frappes - Strawberries & Cream,2.75
481,167,Regular Luxury hot chocolate,2.4
482,167, Red Label tea,1.2
483,167,Regular Flavoured latte - Gingerbread,2.55
484,167,Large Luxury hot chocolate,2.7
485,168, Iced americano,2.15
486,169, Flavoured iced latte - Vanilla,2.75
487,169,Large Flavoured hot chocolate - Hazelnut,2.9
488,169,Regular Flavoured latte - Gingerbread,2.55
489,170,Regular Flavoured hot chocolate - Vanilla,2.6
490,171,Large Flavoured hot chocolate - Vanilla,2.9
491,172, Frappes - Chocolate Cookie,2.75
492,173, Smoothies - Glowing Greens,2.0
493,173, Glass of milk,0.7
494,173, Speciality Tea - English breakfast,1.3
495,173,Large Espresso,1.8
496,174,Regular Latte,2.15
497,174, Babyccino,0.0
498,175, Speciality Tea - English breakfast,1.3
499,175, Flavoured iced latte - Caramel,2.75
500,175, Speciality Tea - Camomile,1.3
501,176, Speciality Tea - English breakfast,1.3
502,176,Large Flavoured hot chocolate - Caramel,2.9
503,177,Large Americano,2.25
504,178, Flavoured iced latte - Caramel,2.75
505,178, Smoothies - Carrot Kick,2.0
506,178, Mocha,2.3
507,178,Large Flavoured latte - Gingerbread,2.85
508,179, Iced latte,2.35
509,180,Regular Flavoured hot chocolate - Vanilla,2.6
510,180, Iced latte,2.35
511,180, Red Label tea,1.2
512,180,Regular Latte,2.15
513,181, Smoothies - Carrot Kick,2.0
514,181,Regular Americano,1.95
515,181, Babyccino,0.0
516,181,Regular Flavoured latte - Hazelnut,2.55
517,181,Large Flavoured hot chocolate - Vanilla,2.9
518,182,Regular Flavoured latte - Gingerbread,2.55
519,182, Iced americano,2.15
520,183,Large Filter coffee,1.8
521,183,Regular Flavoured latte - Vanilla,2.55
522,183, Speciality Tea - Camomile,1.3
523,183, Speciality Tea - Earl Grey,1.3
524,184, Flavoured iced latte - Hazelnut,2.75
525,184, Smoothies - Berry Beautiful,2.0
526,184, Frappes - Chocolate Cookie,2.75
527,185,Large Hot chocolate,2.9
528,185, Flavoured iced latte - Caramel,2.75
529,185, Speciality Tea - Earl Grey,1.3
530,186, Flavoured iced latte - Vanilla,2.75
531,186, Frappes - Coffee,2.75
532,186,Regular Flavoured latte - Vanilla,2.55
533,187, Mocha,2.3
534,188, Smoothies - Carrot Kick,2.0
535,188,Regular Flavoured latte - Hazelnut,2.55
536,188, Iced americano,2.15
537,189, Speciality Tea - Peppermint,1.3
538,189, Mocha,2.3
539,189, Speciality Tea - Camomile,1.3
540,190,Large Americano,2.25
541,191,Large Flavoured hot chocolate - Caramel,2.9
542,191, Frappes - Chocolate Cookie,2.75
543,191, Smoothies - Berry Beautiful,2.0
544,192, Babyccino,0.0
545,192,Regular Americano,1.95
546,192, Speciality Tea - Camomile,1.3
547,192, Flavoured iced latte - Vanilla,2.75
548,193, Frappes - Chocolate Cookie,2.75
549,193,Large Cappuccino,2.45
550,193, Flat white,2.15
551,194, Speciality Tea - Camomile,1.3
552,195, Flavoured iced latte - Caramel,2.75
553,195, Flavoured iced latte - Hazelnut,2.75
554,195,Large Americano,2.25
555,196,Large Flavoured hot chocolate - Hazelnut,2.9
556,197,Large Flavoured hot chocolate - Hazelnut,2.9
557,197,Regular Hot chocolate,2.2
558,197, Frappes - Strawberries & Cream,2.75
559,197, Speciality Tea - English breakfast,1.3
560,197, Flavoured iced latte - Vanilla,2.75
561,198, Speciality Tea - English breakfast,1.3
562,198,Large Luxury hot chocolate,2.7
563,199,Regular Flavoured hot chocolate - Vanilla,2.6
564,199,Regular Hot chocolate,2.2
565,199, Speciality Tea - English breakfast,1.3
566,199,Large Cappuccino,2.45
567,199, Smoothies - Glowing Greens,2.0
568,200, Speciality Tea - Peppermint,1.3
569,200,Large Hot chocolate,2.9
570,200, Smoothies - Carrot Kick,2.0
571,200, Flavoured iced latte - Caramel,2.75
572,200,Regular Flavoured hot chocolate - Vanilla,2.6
573,201,Large Luxury hot chocolate,2.7
574,201,Regular Flavoured hot chocolate - Vanilla,2.6
575,201,Regular Filter coffee,1.5
576,202, Speciality Tea - English breakfast,1.3
577,202, Hot Chocolate,1.4
578,202, Frappes - Chocolate Cookie,2.75
579,202, Hot Chocolate,1.4
580,203, Iced americano,2.15
581,204, Iced americano,2.15
582,204,Regular Flavoured hot chocolate - Caramel,2.6
583,204,Large Flavoured hot chocolate - Vanilla,2.9
584,205, Speciality Tea - English breakfast,1.3
585,205,Regular Americano,1.95
586,205, Mocha,2.3
587,205,Regular Flavoured latte - Hazelnut,2.55
588,205, Speciality Tea - Fruit,1.3
589,206, Frappes - Chocolate Cookie,2.75
590,206,Large Flavoured latte - Caramel,2.85
591,206,Large Flavoured hot chocolate - Caramel,2.9
592,206,Large Flavoured latte - Hazelnut,2.85
593,207,Large Cappuccino,2.45
594,207, Frappes - Coffee,2.75
595,208, Smoothies - Carrot Kick,2.0
596,209,Regular Flavoured latte - Hazelnut,2.55
597,209,Large Americano,2.25
598,209, Iced americano,2.15
599,210,Regular Flavoured hot chocolate - Vanilla,2.6
600,210, Frappes - Strawberries & Cream,2.75
601,210,Regular Flavoured latte - Caramel,2.55
602,210, Red Label tea,1.2
603,211, Frappes - Coffee,2.75
604,211, Iced latte,2.35
605,212,Regular Flavoured latte - Gingerbread,2.55
606,212,Large Flavoured hot chocolate - Vanilla,2.9
607,212, Flavoured iced latte - Vanilla,2.75
608,212, Speciality Tea - Fruit,1.3
609,213, Frappes - Coffee,2.75
610,213, Iced americano,2.15
611,213,Large Espresso,1.8
612,213, Flat white,2.15
613,213, Smoothies - Berry Beautiful,2.0
614,214, Flavoured iced latte - Caramel,2.75
615,214, Flavoured iced latte - Hazelnut,2.75
616,214, Glass of milk,0.7
617,214,Large Hot chocolate,2.9
618,214, Speciality Tea - Camomile,1.3
619,215, Flavoured iced latte - Vanilla,2.75
620,215, Flat white,2.15
621,215, Flavoured iced latte - Vanilla,2.75
622,216,Regular Chai latte,2.3
623,216, Speciality Tea - Fruit,1.3
624,217,Regular Flavoured hot chocolate - Vanilla,2.6
625,217, Iced latte,2.35
626,217, Mocha,2.3
627,218,Large Flavoured hot chocolate - Caramel,2.9
628,219, Flavoured iced latte - Hazelnut,2.75
629,219, Speciality Tea - Peppermint,1.3
630,219,Large Flavoured hot chocolate - Hazelnut,2.9
631,220, Speciality Tea - Earl Grey,1.3
632,221, Speciality Tea - Green,1.3
633,221,Regular Flavoured hot chocolate - Hazelnut,2.6
634,222, Flavoured iced latte - Caramel,2.75
635,223,Large Chai latte,2.6
636,223,Large Flavoured hot chocolate - Caramel,2.9
637,223, Iced latte,2.35
638,223, Red Label tea,1.2
639,223,Regular Filter coffee,1.5
640,224, Red Label tea,1.2
641,224, Iced latte,2.35
642,225,Large Latte,2.45
643,226, Cortado,2.05
644,226,Large Latte,2.45
645,226, Speciality Tea - Peppermint,1.3
646,226,Large Espresso,1.8
647,226, Flavoured iced latte - Caramel,2.75
648,227, Speciality Tea - Green,1.3
649,227, Speciality Tea - English breakfast,1.3
650,227,Large Cappuccino,2.45
651,227,Regular Hot chocolate,2.2
652,227, Mocha,2.3
653,228, Frappes - Chocolate Cookie,2.75
654,228,Large Flavoured latte - Gingerbread,2.85
655,228, Babyccino,0.0
656,228, Frappes - Chocolate Cookie,2.75
657,228,Large Flavoured hot chocolate - Vanilla,2.9
658,229, Smoothies - Berry Beautiful,2.0
659,229, Hot Chocolate,1.4
660,229,Regular Flavoured hot chocolate - Caramel,2.6
661,229, Hot Chocolate,1.4
662,230,Regular Americano,1.95
663,230, Flavoured iced latte - Vanilla,2.75
664,230,Large Flavoured latte - Hazelnut,2.85
665,231,Regular Espresso,1.5
666,231, Iced latte,2.35
667,231, Frappes - Coffee,2.75
668,231,Large Hot chocolate,2.9
669,231, Flavoured iced latte - Hazelnut,2.75
670,232, Speciality Tea - Fruit,1.3
671,232,Large Flavoured hot chocolate - Vanilla,2.9
672,232,Large Flavoured hot chocolate - Vanilla,2.9
673,232,Regular Cappuccino,2.15
674,233,Regular Flavoured latte - Gingerbread,2.55
675,233,Regular Flavoured latte - Vanilla,2.55
676,233, Red Label tea,1.2
677,233, Frappes - Coffee,2.75
678,233,Regular Flavoured latte - Vanilla,2.55
679,234,Regular Luxury hot chocolate,2.4
680,235,Regular Cappuccino,2.15
681,236,Large Americano,2.25
682,236,Regular Filter coffee,1.5
683,237, Red Label tea,1.2
684,237, Frappes - Chocolate Cookie,2.75
685,237,Regular Luxury hot chocolate,2.4
686,237, Smoothies - Berry Beautiful,2.0
687,238, Mocha,2.3
688,238,Large Espresso,1.8
689,238, Smoothies - Glowing Greens,2.0
690,238,Large Flavoured latte - Gingerbread,2.85
691,239,Regular Flavoured hot chocolate - Hazelnut,2.6
692,240,Large Flavoured hot chocolate - Vanilla,2.9
693,240, Frappes - Coffee,2.75
694,240, Frappes - Chocolate Cookie,2.75
695,240,Regular Flavoured hot chocolate - Hazelnut,2.6
696,241,Regular Filter coffee,1.5
697,241,Regular Flavoured hot chocolate - Hazelnut,2.6
698,241,Regular Filter coffee,1.5
699,241, Speciality Tea - Camomile,1.3
700,241,Regular Flavoured hot chocolate - Vanilla,2.6
701,242, Babyccino,0.0
702,242,Large Americano,2.25
703,242,Regular Americano,1.95
704,243, Glass of milk,0.7
705,244, Speciality Tea - Fruit,1.3
706,244, Flat white,2.15
707,244,Large Flavoured hot chocolate - Caramel,2.9
708,244,Regular Flavoured latte - Gingerbread,2.55
709,244, Flat white,2.15
710,245, Cortado,2.05
711,245,Regular Flavoured hot chocolate - Caramel,2.6
712,245, Frappes - Coffee,2.75
713,245, Glass of milk,0.7
714,245, Iced latte,2.35
715,246,Large Flavoured latte - Gingerbread,2.85
716,246,Large Flavoured hot chocolate - Vanilla,2.9
717,247, Speciality Tea - Peppermint,1.3
718,247,Large Espresso,1.8
719,247,Large Flavoured latte - Vanilla,2.85
720,247, Speciality Tea - Darjeeling,1.3
721,247, Hot Chocolate,1.4
722,248, Cortado,2.05
723,248, Hot Chocolate,1.4
724,248,Large Flavoured latte - Gingerbread,2.85
725,249, Hot Chocolate,1.4
726,250,Regular Chai latte,2.3
727,250,Regular Espresso,1.5
728,250,Regular Cappuccino,2.15
729,250, Speciality Tea - Fruit,1.3
730,250, Speciality Tea - Fruit,1.3
731,251, Speciality Tea - Darjeeling,1.3
732,251, Flat white,2.15
733,252, Babyccino,0.0
734,252,Regular Flavoured hot chocolate - Vanilla,2.6
735,252, Speciality Tea - Peppermint,1.3
736,252,Large Flavoured latte - Vanilla,2.85
737,252, Speciality Tea - Camomile,1.3
738,253, Speciality Tea - English breakfast,1.3
739,253,Regular Filter coffee,1.5
740,253, Smoothies - Berry Beautiful,2.0
741,253, Speciality Tea - Fruit,1.3
742,253, Speciality Tea - Green,1.3
743,254,Regular Flavoured hot chocolate - Vanilla,2.6
744,255, Smoothies - Glowing Greens,2.0
745,255,Large Flavoured latte - Gingerbread,2.85
746,255, Speciality Tea - Camomile,1.3
747,255, Cortado,2.05
748,255, Red Label tea,1.2
749,256, Speciality Tea - Darjeeling,1.3
750,257, Flavoured iced latte - Caramel,2.75
751,257, Flavoured iced latte - Vanilla,2.75
752,257,Regular Flavoured hot chocolate - Hazelnut,2.6
753,257,Regular Americano,1.95
754,258,Large Flavoured hot chocolate - Vanilla,2.9
755,258,Regular Chai latte,2.3
756,258, Babyccino,0.0
757,259,Regular Latte,2.15
758,259, Speciality Tea - Darjeeling,1.3
759,259, Smoothies - Glowing Greens,2.0
760,260, Mocha,2.3
761,261, Cortado,2.05
762,261,Large Filter coffee,1.8
763,261, Smoothies - Berry Beautiful,2.0
764,262, Flat white,2.15
765,262,Regular Flavoured hot chocolate - Hazelnut,2.6
766,262, Speciality Tea - Green,1.3
767,262,Regular Hot chocolate,2.2
768,263, Flavoured iced latte - Hazelnut,2.75
769,263, Speciality Tea - Darjeeling,1.3
770,263, Flavoured iced latte - Vanilla,2.75
771,263,Regular Cappuccino,2.15
772,263, Cortado,2.05
773,264,Regular Hot chocolate,2.2
774,265, Flavoured iced latte - Caramel,2.75
775,265,Regular Flavoured hot chocolate - Vanilla,2.6
776,266,Regular Flavoured latte - Vanilla,2.55
777,266,Large Flavoured latte - Hazelnut,2.85
778,266,Regular Espresso,1.5
779,266, Hot Chocolate,1.4
780,266, Speciality Tea - Camomile,1.3
781,267,Regular Filter coffee,1.5
782,268, Iced latte,2.35
783,268,Large Flavoured latte - Vanilla,2.85
784,268,Regular Luxury hot chocolate,2.4
785,269,Regular Flavoured latte - Caramel,2.55
786,270, Smoothies - Carrot Kick,2.0
787,270,Large Flavoured hot chocolate - Hazelnut,2.9
788,270, Flavoured iced latte - Caramel,2.75
789,271, Flavoured iced latte - Caramel,2.75
790,271, Frappes - Coffee,2.75
791,271,Regular Flavoured hot chocolate - Hazelnut,2.6
792,272, Speciality Tea - English breakfast,1.3
793,272,Large Flavoured hot chocolate - Hazelnut,2.9
794,273, Flat white,2.15
795,273,Regular Flavoured latte - Vanilla,2.55
796,274,Regular Americano,1.95
797,274,Regular Flavoured latte - Gingerbread,2.55
798,274, Frappes - Coffee,2.75
799,274,Regular Flavoured hot chocolate - Vanilla,2.6
800,274,Regular Flavoured latte - Hazelnut,2.55
801,275, Hot Chocolate,1.4
802,275, Flat white,2.15
803,276,Large Hot chocolate,2.9
804,276, Smoothies - Carrot Kick,2.0
805,276, Flavoured iced latte - Hazelnut,2.75
806,276, Flavoured iced latte - Hazelnut,2.75
807,277, Red Label tea,1.2
808,277,Regular Latte,2.15
809,277, Flavoured iced latte - Hazelnut,2.75
810,277,Regular Filter coffee,1.5
811,278, Frappes - Chocolate Cookie,2.75
812,278, Smoothies - Berry Beautiful,2.0
813,278, Cortado,2.05
814,279, Glass of milk,0.7
815,279,Regular Americano,1.95
816,279,Large Cappuccino,2.45
817,279,Regular Flavoured latte - Caramel,2.55
818,279, Smoothies - Glowing Greens,2.0
819,280, Speciality Tea - Peppermint,1.3
820,280,Large Americano,2.25
821,280, Red Label tea,1.2
822,280,Large Flavoured hot chocolate - Vanilla,2.9
823,281, Red Label tea,1.2
824,282,Large Flavoured latte - Vanilla,2.85
825,282, Speciality Tea - Darjeeling,1.3
826,283, Frappes - Strawberries & Cream,2.75
827,283, Speciality Tea - Green,1.3
828,283,Regular Espresso,1.5
829,283, Cortado,2.05
830,284,Large Flavoured hot chocolate - Caramel,2.9
831,285,Regular Flavoured latte - Caramel,2.55
832,286, Glass of milk,0.7
833,287,Regular Americano,1.95
834,287,Regular Espresso,1.5
835,287, Speciality Tea - Fruit,1.3
836,287, Iced americano,2.15
837,288, Smoothies - Carrot Kick,2.0
838,288, Flavoured iced latte - Caramel,2.75
839,288,Large Latte,2.45
840,288, Smoothies - Carrot Kick,2.0
841,289,Large Latte,2.45
842,289, Speciality Tea - Green,1.3
843,290,Large Filter coffee,1.8
844,290, Smoothies - Glowing Greens,2.0
845,291, Speciality Tea - Peppermint,1.3
846,291,Large Flavoured latte - Gingerbread,2.85
847,292, Speciality Tea - Darjeeling,1.3
848,292, Frappes - Strawberries & Cream,2.75
849,292, Smoothies - Glowing Greens,2.0
850,293, Glass of milk,0.7
851,293, Red Label tea,1.2
852,294, Smoothies - Glowing Greens,2.0
853,294, Speciality Tea - English breakfast,1.3
854,294,Large Flavoured latte - Caramel,2.85
855,294, Smoothies - Glowing Greens,2.0
856,294,Regular Latte,2.15
857,295,Large Flavoured hot chocolate - Hazelnut,2.9
858,296,Large Flavoured hot chocolate - Hazelnut,2.9
859,296,Regular Flavoured latte - Gingerbread,2.55
860,296,Large Chai latte,2.6
861,297,Large Flavoured latte - Gingerbread,2.85
862,297,Large Flavoured latte - Vanilla,2.85
863,297,Large Flavoured latte - Hazelnut,2.85
864,297,Regular Filter coffee,1.5
865,297,Regular Flavoured hot chocolate - Vanilla,2.6
866,298, Flavoured iced latte - Hazelnut,2.75
867,299, Frappes - Coffee,2.75
868,299, Flat white,2.15
869,299, Frappes - Chocolate Cookie,2.75
870,299,Large Filter coffee,1.8
871,300,Regular Flavoured hot chocolate - Vanilla,2.6
872,300, Cortado,2.05
873,300, Speciality Tea - Green,1.3
874,300, Red Label tea,1.2
875,300,Regular Flavoured latte - Vanilla,2.55
876,301,Regular Flavoured hot chocolate - Hazelnut,2.6
877,301, Smoothies - Glowing Greens,2.0
878,301, Red Label tea,1.2
879,301, Smoothies - Carrot Kick,2.0
880,302, Hot Chocolate,1.4
881,303, Frappes - Chocolate Cookie,2.75
882,303,Large Flavoured hot chocolate - Vanilla,2.9
883,303, Speciality Tea - Darjeeling,1.3
884,303, Mocha,2.3
885,303, Mocha,2.3
886,304,Regular Americano,1.95
887,305,Large Americano,2.25
888,306, Iced latte,2.35
889,306,Large Flavoured hot chocolate - Hazelnut,2.9
890,306,Large Flavoured latte - Caramel,2.85
891,307, Flavoured iced latte - Hazelnut,2.75
892,307,Regular Luxury hot chocolate,2.4
893,308, Smoothies - Glowing Greens,2.0
894,308, Smoothies - Berry Beautiful,2.0
895,308,Regular Americano,1.95
896,309, Babyccino,0.0
897,309, Frappes - Coffee,2.75
898,309,Regular Flavoured latte - Caramel,2.55
899,310,Large Latte,2.45
900,310, Babyccino,0.0
901,310, Iced americano,2.15
902,310, Smoothies - Carrot Kick,2.0
903,310, Iced latte,2.35
904,311,Regular Flavoured latte - Hazelnut,2.55
905,311,Regular Flavoured latte - Caramel,2.55
906,312,Large Filter coffee,1.8
907,312, Speciality Tea - Camomile,1.3
908,312,Large Luxury hot chocolate,2.7
909,312, Red Label tea,1.2
910,312,Regular Flavoured hot chocolate - Vanilla,2.6
911,313,Large Latte,2.45
912,313, Flavoured iced latte - Hazelnut,2.75
913,314, Frappes - Strawberries & Cream,2.75
914,314, Flavoured iced latte - Vanilla,2.75
915,315,Regular Flavoured latte - Caramel,2.55
916,315,Large Luxury hot chocolate,2.7
917,315, Glass of milk,0.7
918,315, Smoothies - Glowing Greens,2.0
919,315, Glass of milk,0.7
920,316,Large Luxury hot chocolate,2.7
921,316,Large Flavoured hot chocolate - Hazelnut,2.9
922,316, Speciality Tea - Darjeeling,1.3
923,316, Speciality Tea - Green,1.3
924,317,Regular Flavoured hot chocolate - Vanilla,2.6
925,318, Speciality Tea - Darjeeling,1.3
926,319,Large Latte,2.45
927,319,Large Flavoured latte - Caramel,2.85
928,319,Large Espresso,1.8
929,320, Speciality Tea - Camomile,1.3
930,320,Regular Flavoured latte - Gingerbread,2.55
931,320, Flavoured iced latte - Hazelnut,2.75
932,320,Regular Flavoured latte - Hazelnut,2.55
933,321,Regular Hot chocolate,2.2
934,322,Regular Flavoured latte - Gingerbread,2.55
935,323, Speciality Tea - Peppermint,1.3
936,323, Speciality Tea - Peppermint,1.3
937,323,Regular Flavoured hot chocolate - Hazelnut,2.6
938,323, Iced latte,2.35
939,324, Cortado,2.05
940,324, Babyccino,0.0
941,324, Flavoured iced latte - Hazelnut,2.75
942,324,Large Flavoured hot chocolate - Caramel,2.9
943,325, Speciality Tea - Earl Grey,1.3
944,325,Regular Cappuccino,2.15
945,325, Babyccino,0.0
946,326, Frappes - Coffee,2.75
947,326,Large Hot chocolate,2.9
948,327,Large Cappuccino,2.45
949,328, Cortado,2.05
950,328, Glass of milk,0.7
951,328,Regular Luxury hot chocolate,2.4
952,328, Smoothies - Berry Beautiful,2.0
953,329,Regular Flavoured latte - Caramel,2.55
954,330,Regular Americano,1.95
955,331, Flavoured iced latte - Caramel,2.75
956,331, Iced latte,2.35
957,332, Hot Chocolate,1.4
958,332,Large Chai latte,2.6
959,333, Smoothies - Carrot Kick,2.0
960,333, Speciality Tea - Fruit,1.3
961,333, Speciality Tea - Camomile,1.3
962,334, Hot Chocolate,1.4
963,334, Glass of milk,0.7
964,334,Regular Americano,1.95
965,334,Regular Flavoured latte - Gingerbread,2.55
966,335,Regular Americano,1.95
967,335, Mocha,2.3
968,335,Large Flavoured latte - Caramel,2.85
969,335, Red Label tea,1.2
970,336, Cortado,2.05
971,337, Iced latte,2.35
972,337,Regular Flavoured latte - Caramel,2.55
973,337, Babyccino,0.0
974,337, Smoothies - Berry Beautiful,2.0
975,337, Frappes - Strawberries & Cream,2.75
976,338,Regular Flavoured hot chocolate - Vanilla,2.6
977,338, Babyccino,0.0
978,338, Speciality Tea - Peppermint,1.3
979,338, Flat white,2.15
980,339,Regular Filter coffee,1.5
981,340,Regular Flavoured latte - Caramel,2.55
982,340,Large Flavoured hot chocolate - Hazelnut,2.9
983,340, Smoothies - Berry Beautiful,2.0
984,340,Large Flavoured hot chocolate - Vanilla,2.9
985,340, Cortado,2.05
986,341,Regular Hot chocolate,2.2
987,341, Smoothies - Glowing Greens,2.0
988,341, Smoothies - Carrot Kick,2.0
989,342, Frappes - Coffee,2.75
990,342,Regular Flavoured latte - Vanilla,2.55
991,342, Cortado,2.05
992,342, Flavoured iced latte - Caramel,2.75
993,342, Red Label tea,1.2
994,343, Flat white,2.15
995,343, Speciality Tea - Darjeeling,1.3
996,343,Large Flavoured latte - Hazelnut,2.85
997,343,Regular Americano,1.95
998,344, Mocha,2.3
999,345, Speciality Tea - Green,1.3
1000,345, Flavoured iced latte - Hazelnut,2.75
1001,345,Large Filter coffee,1.8
1002,346, Smoothies - Carrot Kick,2.0
1003,346, Speciality Tea - English breakfast,1.3
1004,346, Mocha,2.3
1005,347, Flat white,2.15
1006,347, Frappes - Coffee,2.75
1007,347, Speciality Tea - Camomile,1.3
1008,348, Iced americano,2.15
1009,348, Smoothies - Berry Beautiful,2.0
1010,348, Flat white,2.15
1011,348, Speciality Tea - Camomile,1.3
1012,349, Glass of milk,0.7
1013,350, Babyccino,0.0
1014,351,Regular Flavoured latte - Hazelnut,2.55
1015,351, Speciality Tea - Darjeeling,1.3
1016,351, Speciality Tea - Peppermint,1.3
1017,352, Iced latte,2.35
1018,353,Regular Latte,2.15
1019,353, Smoothies - Berry Beautiful,2.0
1020,353, Speciality Tea - Earl Grey,1.3
1021,354,Large Luxury hot chocolate,2.7
1022,355,Regular Flavoured latte - Hazelnut,2.55
1023,355, Red Label tea,1.2
1024,355,Large Flavoured latte - Vanilla,2.85
1025,356, Iced americano,2.15
1026,356,Large Luxury hot chocolate,2.7
1027,357,Large Filter coffee,1.8
1028,357,Large Flavoured latte - Hazelnut,2.85
1029,358, Iced americano,2.15
1030,358, Flavoured iced latte - Caramel,2.75
1031,358,Regular Flavoured latte - Hazelnut,2.55
1032,358, Speciality Tea - Camomile,1.3
1033,358, Flavoured iced latte - Vanilla,2.75
1034,359, Speciality Tea - Fruit,1.3
1035,360, Hot Chocolate,1.4
1036,360, Speciality Tea - English breakfast,1.3
1037,360, Glass of milk,0.7
1038,360,Large Flavoured hot chocolate - Hazelnut,2.9
1039,361, Mocha,2.3
1040,361, Red Label tea,1.2
1041,361, Speciality Tea - English breakfast,1.3
1042,361, Speciality Tea - Peppermint,1.3
1043,361,Large Hot chocolate,2.9
1044,362, Frappes - Coffee,2.75
1045,363, Mocha,2.3
1046,364,Large Espresso,1.8
1047,364, Frappes - Strawberries & Cream,2.75
1048,364,Large Americano,2.25
1049,365, Smoothies - Glowing Greens,2.0
1050,365, Red Label tea,1.2
1051,365, Red Label tea,1.2
1052,365,Regular Chai latte,2.3
1053,366, Speciality Tea - English breakfast,1.3
1054,366, Smoothies - Glowing Greens,2.0
1055,366, Speciality Tea - Green,1.3
1056,366,Large Flavoured latte - Caramel,2.85
1057,366, Smoothies - Carrot Kick,2.0
1058,367,Large Hot chocolate,2.9
1059,367,Large Filter coffee,1.8
1060,367, Mocha,2.3
1061,368, Speciality Tea - Camomile,1.3
1062,369,Regular Cappuccino,2.15
1063,370,Regular Luxury hot chocolate,2.4
1064,371,Regular Hot chocolate,2.2
1065,371,Regular Flavoured latte - Hazelnut,2.55
1066,371, Speciality Tea - Earl Grey,1.3
1067,371, Flavoured iced latte - Caramel,2.75
1068,372,Regular Espresso,1.5
1069,373,Large Americano,2.25
1070,373, Mocha,2.3
1071,374, Babyccino,0.0
1072,374,Regular Flavoured hot chocolate - Caramel,2.6
1073,374,Regular Flavoured hot chocolate - Vanilla,2.6
1074,375, Flat white,2.15
1075,375,Regular Flavoured hot chocolate - Vanilla,2.6
1076,375, Speciality Tea - Darjeeling,1.3
1077,375,Regular Cappuccino,2.15
1078,375, Smoothies - Carrot Kick,2.0
1079,376,Large Flavoured latte - Caramel,2.85
1080,376, Babyccino,0.0
1081,376, Flat white,2.15
1082,377,Large Hot chocolate,2.9
1083,377,Large Cappuccino,2.45
1084,377, Cortado,2.05
1085,377, Smoothies - Glowing Greens,2.0
1086,378,Large Flavoured hot chocolate - Vanilla,2.9
1087,378,Large Flavoured hot chocolate - Vanilla,2.9
1088,378,Large Flavoured latte - Caramel,2.85
1089,379, Speciality Tea - Green,1.3
1090,379,Regular Cappuccino,2.15
1091,379, Flavoured iced latte - Vanilla,2.75
1092,379, Smoothies - Berry Beautiful,2.0
1093,380,Large Chai latte,2.6
1094,380,Large Filter coffee,1.8
1095,380, Flavoured iced latte - Hazelnut,2.75
1096,381, Speciality Tea - Earl Grey,1.3
1097,381, Flavoured iced latte - Hazelnut,2.75
1098,381,Regular Flavoured latte - Hazelnut,2.55
1099,381,Regular Americano,1.95
1100,381, Glass of milk,0.7
1101,382,Large Flavoured latte - Caramel,2.85
1102,382, Mocha,2.3
1103,382, Babyccino,0.0
1104,383, Smoothies - Carrot Kick,2.0
1105,383, Frappes - Strawberries & Cream,2.75
1106,383,Large Flavoured latte - Hazelnut,2.85
1107,384, Speciality Tea - Camomile,1.3
1108,384, Red Label tea,1.2
1109,384, Flavoured iced latte - Vanilla,2.75
1110,385,Large Latte,2.45
1111,385, Smoothies - Berry Beautiful,2.0
1112,385,Regular Luxury hot chocolate,2.4
1113,386,Large Chai latte,2.6
1114,386, Speciality Tea - Fruit,1.3
1115,387,Large Espresso,1.8
1116,388, Iced americano,2.15
1117,388, Speciality Tea - Camomile,1.3
1118,388, Frappes - Chocolate Cookie,2.75
1119,388, Mocha,2.3
1120,388, Speciality Tea - Fruit,1.3
1121,389, Smoothies - Berry Beautiful,2.0
1122,389, Smoothies - Glowing Greens,2.0
1123,389, Frappes - Coffee,2.75
1124,390, Speciality Tea - Fruit,1.3
1125,390, Glass of milk,0.7
1126,390,Regular Americano,1.95
1127,390, Red Label tea,1.2
1128,390, Smoothies - Glowing Greens,2.0
1129,391, Mocha,2.3
1130,392, Frappes - Chocolate Cookie,2.75
1131,392,Regular Flavoured latte - Hazelnut,2.55
1132,392, Speciality Tea - English breakfast,1.3
1133,392, Hot Chocolate,1.4
1134,392, Flavoured iced latte - Vanilla,2.75
1135,393, Flat white,2.15
1136,393,Regular Espresso,1.5
1137,393, Frappes - Strawberries & Cream,2.75
1138,393, Flavoured iced latte - Caramel,2.75
1139,394,Large Filter coffee,1.8
1140,395,Regular Flavoured hot chocolate - Caramel,2.6
1141,395, Speciality Tea - Peppermint,1.3
1142,396, Flavoured iced latte - Caramel,2.75
1143,397,Large Luxury hot chocolate,2.7
1144,397,Regular Filter coffee,1.5
1145,397, Glass of milk,0.7
1146,397,Regular Flavoured latte - Caramel,2.55
1147,398,Regular Flavoured latte - Hazelnut,2.55
1148,398, Speciality Tea - Green,1.3
1149,398, Speciality Tea - Peppermint,1.3
1150,399, Cortado,2.05
1151,400, Smoothies - Glowing Greens,2.0
1152,400,Regular Cappuccino,2.15
1153,400, Speciality Tea - Darjeeling,1.3
1154,400,Large Filter coffee,1.8
1155,400, Frappes - Coffee,2.75
1156,401,Regular Flavoured latte - Gingerbread,2.55
1157,402, Iced latte,2.35
1158,403,Large Americano,2.25
1159,403,Regular Chai latte,2.3
1160,404, Frappes - Strawberries & Cream,2.75
1161,404, Frappes - Chocolate Cookie,2.75
1162,405, Frappes - Chocolate Cookie,2.75
1163,405, Flavoured iced latte - Vanilla,2.75
1164,405, Speciality Tea - Green,1.3
1165,406, Smoothies - Berry Beautiful,2.0
1166,407,Large Hot chocolate,2.9
1167,407, Babyccino,0.0
1168,407, Glass of milk,0.7
1169,407,Large Flavoured hot chocolate - Vanilla,2.9
1170,407, Cortado,2.05
1171,408, Iced americano,2.15
1172,408, Flavoured iced latte - Caramel,2.75
1173,408, Smoothies - Berry Beautiful,2.0
1174,409, Frappes - Chocolate Cookie,2.75
1175,410,Regular Flavoured latte - Hazelnut,2.55
1176,410,Regular Flavoured latte - Caramel,2.55
1177,410,Regular Flavoured hot chocolate - Caramel,2.6
1178,410, Glass of milk,0.7
1179,410, Flavoured iced latte - Caramel,2.75
1180,411, Smoothies - Berry Beautiful,2.0
1181,411, Speciality Tea - Fruit,1.3
1182,412, Speciality Tea - Green,1.3
1183,412, Red Label tea,1.2
1184,412, Speciality Tea - Peppermint,1.3
1185,413,Regular Flavoured hot chocolate - Hazelnut,2.6
1186,414, Flavoured iced latte - Vanilla,2.75
1187,415,Regular Flavoured latte - Hazelnut,2.55
1188,416,Regular Luxury hot chocolate,2.4
1189,416,Regular Espresso,1.5
1190,416,Regular Americano,1.95
1191,416, Speciality Tea - Earl Grey,1.3
1192,416,Regular Latte,2.15
1193,417,Large Espresso,1.8
1194,417, Frappes - Chocolate Cookie,2.75
1195,417, Hot Chocolate,1.4
1196,418, Frappes - Coffee,2.75
1197,418, Glass of milk,0.7
1198,418, Speciality Tea - Darjeeling,1.3
1199,418,Regular Flavoured hot chocolate - Hazelnut,2.6
1200,418, Smoothies - Glowing Greens,2.0
1201,419,Large Hot chocolate,2.9
1202,419, Cortado,2.05
1203,419,Regular Latte,2.15
1204,420,Regular Flavoured hot chocolate - Hazelnut,2.6
1205,420,Large Luxury hot chocolate,2.7
1206,420, Speciality Tea - Darjeeling,1.3
1207,421, Cortado,2.05
1208,422, Cortado,2.05
1209,422,Large Chai latte,2.6
1210,422, Frappes - Coffee,2.75
1211,422, Hot Chocolate,1.4
1212,423,Large Americano,2.25
1213,423, Frappes - Coffee,2.75
1214,423, Mocha,2.3
1215,423, Speciality Tea - Camomile,1.3
1216,423, Glass of milk,0.7
1217,424,Regular Flavoured hot chocolate - Caramel,2.6
1218,425,Regular Cappuccino,2.15
1219,425, Frappes - Chocolate Cookie,2.75
1220,425, Speciality Tea - English breakfast,1.3
1221,425, Flavoured iced latte - Vanilla,2.75
1222,426,Large Espresso,1.8
1223,426, Flat white,2.15
1224,426, Speciality Tea - Earl Grey,1.3
1225,426, Flavoured iced latte - Hazelnut,2.75
1226,427,Large Flavoured latte - Hazelnut,2.85
1227,427,Regular Flavoured latte - Vanilla,2.55
1228,428,Regular Americano,1.95
1229,429, Iced latte,2.35
1230,429, Frappes - Chocolate Cookie,2.75
1231,429, Speciality Tea - Darjeeling,1.3
1232,429,Large Flavoured latte - Gingerbread,2.85
1233,429,Regular Americano,1.95
1234,430, Flat white,2.15
1235,430, Smoothies - Carrot Kick,2.0
1236,431, Speciality Tea - Peppermint,1.3
1237,431,Regular Chai latte,2.3
1238,432, Smoothies - Carrot Kick,2.0
1239,433,Regular Espresso,1.5
1240,433, Iced latte,2.35
1241,434,Regular Flavoured latte - Hazelnut,2.55
1242,434,Large Flavoured hot chocolate - Hazelnut,2.9
1243,434,Large Flavoured hot chocolate - Hazelnut,2.9
1244,434,Regular Espresso,1.5
1245,435, Flavoured iced latte - Hazelnut,2.75
1246,435, Frappes - Coffee,2.75
1247,435, Speciality Tea - Darjeeling,1.3
1248,435, Smoothies - Berry Beautiful,2.0
1249,436,Regular Flavoured hot chocolate - Hazelnut,2.6
1250,437, Speciality Tea - Green,1.3
1251,437, Iced latte,2.35
1252,437,Regular Flavoured hot chocolate - Vanilla,2.6
1253,437,Large Americano,2.25
1254,438,Regular Espresso,1.5
1255,438, Flat white,2.15
1256,439, Flat white,2.15
1257,439,Regular Hot chocolate,2.2
1258,439, Babyccino,0.0
1259,439,Regular Cappuccino,2.15
1260,439, Babyccino,0.0
1261,440,Large Latte,2.45
1262,440, Iced latte,2.35
1263,440, Speciality Tea - Earl Grey,1.3
1264,440, Speciality Tea - Peppermint,1.3
1265,441,Regular Flavoured latte - Vanilla,2.55
1266,441,Large Flavoured latte - Vanilla,2.85
1267,441,Regular Flavoured hot chocolate - Caramel,2.6
1268,441,Large Flavoured hot chocolate - Hazelnut,2.9
1269,441, Babyccino,0.0
1270,442, Flavoured iced latte - Vanilla,2.75
1271,442,Regular Flavoured latte - Caramel,2.55
1272,442, Speciality Tea - Darjeeling,1.3
1273,443,Large Flavoured hot chocolate - Vanilla,2.9
1274,443, Flat white,2.15
1275,444,Large Flavoured latte - Vanilla,2.85
1276,444, Babyccino,0.0
1277,444,Regular Luxury hot chocolate,2.4
1278,444, Frappes - Strawberries & Cream,2.75
1279,444,Regular Americano,1.95
1280,445, Frappes - Strawberries & Cream,2.75
1281,445, Flat white,2.15
1282,445, Mocha,2.3
1283,445, Iced americano,2.15
1284,445,Regular Flavoured latte - Gingerbread,2.55
1285,446, Speciality Tea - Camomile,1.3
1286,446,Regular Chai latte,2.3
1287,447,Large Americano,2.25
1288,447, Flat white,2.15
1289,447, Flavoured iced latte - Caramel,2.75
1290,448,Regular Americano,1.95
1291,448, Speciality Tea - Green,1.3
1292,449, Flavoured iced latte - Caramel,2.75
1293,450, Frappes - Strawberries & Cream,2.75
1294,450, Frappes - Strawberries & Cream,2.75
1295,451, Frappes - Chocolate Cookie,2.75
1296,452, Flavoured iced latte - Vanilla,2.75
1297,452, Speciality Tea - Camomile,1.3
1298,452,Large Americano,2.25
1299,452, Iced americano,2.15
1300,453, Frappes - Strawberries & Cream,2.75
1301,453, Mocha,2.3
1302,454, Flat white,2.15
1303,454, Speciality Tea - Camomile,1.3
1304,454,Large Cappuccino,2.45
1305,454,Large Flavoured latte - Caramel,2.85
1306,454,Large Chai latte,2.6
1307,455, Speciality Tea - Earl Grey,1.3
1308,456,Regular Chai latte,2.3
1309,456, Frappes - Coffee,2.75
1310,456, Babyccino,0.0
1311,457, Speciality Tea - Darjeeling,1.3
1312,457, Speciality Tea - Camomile,1.3
1313,458, Flavoured iced latte - Hazelnut,2.75
1314,458,Regular Filter coffee,1.5
1315,459,Regular Chai latte,2.3
1316,459,Regular Flavoured latte - Hazelnut,2.55
1317,459, Cortado,2.05
1318,460,Regular Cappuccino,2.15
1319,460, Flavoured iced latte - Hazelnut,2.75
1320,461,Large Americano,2.25
1321,461, Flavoured iced latte - Caramel,2.75
1322,461,Large Luxury hot chocolate,2.7
1323,461,Large Flavoured hot chocolate - Caramel,2.9
1324,461,Large Espresso,1.8
1325,462, Speciality Tea - Green,1.3
1326,462,Regular Flavoured latte - Vanilla,2.55
1327,462,Large Latte,2.45
1328,463,Regular Chai latte,2.3
1329,463, Babyccino,0.0
1330,464, Flavoured iced latte - Hazelnut,2.75
1331,464,Large Americano,2.25
1332,464,Large Americano,2.25
1333,464,Regular Flavoured latte - Caramel,2.55
1334,464, Frappes - Strawberries & Cream,2.75
1335,465, Iced latte,2.35
1336,465,Regular Cappuccino,2.15
1337,465,Regular Flavoured hot chocolate - Hazelnut,2.6
1338,466,Large Chai latte,2.6
1339,466,Regular Flavoured latte - Hazelnut,2.55
1340,466,Large Flavoured latte - Vanilla,2.85
1341,467, Speciality Tea - Earl Grey,1.3
1342,467, Speciality Tea - Fruit,1.3
1343,468,Regular Americano,1.95
1344,468, Smoothies - Carrot Kick,2.0
1345,468, Speciality Tea - Earl Grey,1.3
1346,468,Large Cappuccino,2.45
1347,468,Regular Flavoured latte - Caramel,2.55
1348,469, Speciality Tea - Fruit,1.3
1349,469,Large Flavoured hot chocolate - Hazelnut,2.9
1350,469, Mocha,2.3
1351,469, Smoothies - Glowing Greens,2.0
1352,470,Large Flavoured hot chocolate - Vanilla,2.9
1353,470,Large Flavoured latte - Caramel,2.85
1354,471, Smoothies - Glowing Greens,2.0
1355,471, Red Label tea,1.2
1356,472,Large Americano,2.25
1357,472,Regular Flavoured latte - Hazelnut,2.55
1358,472,Large Flavoured hot chocolate - Caramel,2.9
1359,472, Speciality Tea - Camomile,1.3
1360,473,Large Americano,2.25
1361,473, Babyccino,0.0
1362,473,Large Filter coffee,1.8
1363,473,Large Flavoured latte - Caramel,2.85
1364,473, Mocha,2.3
1365,474,Regular Flavoured hot chocolate - Caramel,2.6
1366,474, Red Label tea,1.2
1367,475,Large Flavoured latte - Vanilla,2.85
1368,475,Regular Latte,2.15
1369,476,Large Cappuccino,2.45
1370,476,Large Flavoured latte - Vanilla,2.85
1371,476, Mocha,2.3
1372,476, Mocha,2.3
1373,477, Speciality Tea - Camomile,1.3
1374,478, Babyccino,0.0
1375,478,Regular Luxury hot chocolate,2.4
1376,478, Speciality Tea - Camomile,1.3
1377,479, Iced latte,2.35
1378,479, Smoothies - Glowing Greens,2.0
1379,479,Large Flavoured latte - Gingerbread,2.85
1380,479, Speciality Tea - Darjeeling,1.3
1381,480, Speciality Tea - Green,1.3
1382,481, Flavoured iced latte - Vanilla,2.75
1383,481,Large Flavoured hot chocolate - Vanilla,2.9
1384,481, Flavoured iced latte - Hazelnut,2.75
1385,481,Regular Flavoured latte - Caramel,2.55
1386,481,Large Cappuccino,2.45
1387,482, Speciality Tea - Camomile,1.3
1388,483,Large Flavoured latte - Caramel,2.85
1389,483, Iced americano,2.15
1390,484, Iced latte,2.35
1391,484, Smoothies - Carrot Kick,2.0
1392,484, Smoothies - Carrot Kick,2.0
1393,484, Flavoured iced latte - Vanilla,2.75
1394,484, Speciality Tea - Green,1.3
1395,485,Large Flavoured latte - Hazelnut,2.85
1396,485, Smoothies - Berry Beautiful,2.0
1397,485, Speciality Tea - Camomile,1.3
1398,485, Speciality Tea - Peppermint,1.3
1399,485, Smoothies - Berry Beautiful,2.0
1400,486,Large Flavoured hot chocolate - Vanilla,2.9
1401,486, Flat white,2.15
1402,486, Cortado,2.05
1403,487, Frappes - Strawberries & Cream,2.75
1404,487,Large Hot chocolate,2.9
1405,487, Smoothies - Glowing Greens,2.0
1406,487,Large Flavoured latte - Hazelnut,2.85
1407,488,Regular Flavoured latte - Caramel,2.55
1408,488, Babyccino,0.0
1409,488, Smoothies - Berry Beautiful,2.0
1410,488, Flat white,2.15
1411,489,Large Hot chocolate,2.9
1412,489,Regular Flavoured hot chocolate - Hazelnut,2.6
1413,489, Mocha,2.3
1414,489, Babyccino,0.0
1415,489,Regular Flavoured latte - Hazelnut,2.55
1416,490, Speciality Tea - Peppermint,1.3
1417,490, Speciality Tea - Fruit,1.3
1418,490, Glass of milk,0.7
1419,491, Flavoured iced latte - Hazelnut,2.75
1420,491, Iced americano,2.15
1421,491, Frappes - Coffee,2.75
1422,492, Flavoured iced latte - Hazelnut,2.75
1423,492, Cortado,2.05
1424,492, Frappes - Chocolate Cookie,2.75
1425,493, Flavoured iced latte - Hazelnut,2.75
1426,493, Smoothies - Berry Beautiful,2.0
1427,494, Frappes - Strawberries & Cream,2.75
1428,494, Iced americano,2.15
1429,494, Glass of milk,0.7
1430,495,Large Flavoured hot chocolate - Caramel,2.9
1431,496,Large Hot chocolate,2.9
1432,497,Large Flavoured hot chocolate - Vanilla,2.9
1433,498, Speciality Tea - Fruit,1.3
1434,499,Regular Cappuccino,2.15
1435,500, Speciality Tea - Camomile,1.3
1436,500, Iced latte,2.35
1437,500, Speciality Tea - Peppermint,1.3
1438,500, Speciality Tea - Fruit,1.3
1439,500, Smoothies - Carrot Kick,2.0
1440,501, Speciality Tea - Fruit,1.3
1441,501,Regular Flavoured latte - Caramel,2.55
1442,501, Speciality Tea - Earl Grey,1.3
1443,502, Frappes - Coffee,2.75
1444,503, Hot Chocolate,1.4
1445,503, Flavoured iced latte - Caramel,2.75
1446,503, Smoothies - Carrot Kick,2.0
1447,503, Babyccino,0.0
1448,503, Flavoured iced latte - Hazelnut,2.75
1449,504,Large Americano,2.25
1450,504, Flavoured iced latte - Hazelnut,2.75
1451,505,Regular Latte,2.15
1452,505, Speciality Tea - Peppermint,1.3
1453,505,Regular Chai latte,2.3
1454,505,Large Espresso,1.8
1455,506, Speciality Tea - Earl Grey,1.3
1456,506, Red Label tea,1.2
1457,506, Hot Chocolate,1.4
1458,507, Flavoured iced latte - Hazelnut,2.75
1459,507, Babyccino,0.0
1460,508, Speciality Tea - Earl Grey,1.3
1461,508, Mocha,2.3
1462,508, Flavoured iced latte - Caramel,2.75
1463,509, Flavoured iced latte - Vanilla,2.75
1464,509, Iced latte,2.35
1465,510, Flat white,2.15
1466,510, Smoothies - Carrot Kick,2.0
1467,511,Regular Chai latte,2.3
1468,511, Mocha,2.3
1469,512, Frappes - Strawberries & Cream,2.75
1470,512,Regular Flavoured hot chocolate - Caramel,2.6
1471,512, Speciality Tea - Green,1.3
1472,512, Hot Chocolate,1.4
1473,512, Flavoured iced latte - Hazelnut,2.75
1474,513, Glass of milk,0.7
1475,514, Mocha,2.3
1476,514, Iced latte,2.35
1477,514,Large Flavoured hot chocolate - Hazelnut,2.9
1478,515,Large Flavoured latte - Hazelnut,2.85
1479,515,Regular Flavoured hot chocolate - Caramel,2.6
1480,515, Frappes - Coffee,2.75
1481,515, Flavoured iced latte - Hazelnut,2.75
1482,515, Speciality Tea - Fruit,1.3
1483,516, Flavoured iced latte - Hazelnut,2.75
1484,516, Frappes - Strawberries & Cream,2.75
1485,516,Large Americano,2.25
1486,516,Large Flavoured latte - Gingerbread,2.85
1487,516,Regular Flavoured hot chocolate - Caramel,2.6
1488,517,Large Cappuccino,2.45
1489,517, Babyccino,0.0
1490,518, Hot Chocolate,1.4
1491,518, Babyccino,0.0
1492,519, Iced latte,2.35
1493,519, Speciality Tea - Earl Grey,1.3
1494,520, Babyccino,0.0
1495,520, Babyccino,0.0
1496,520, Speciality Tea - English breakfast,1.3
1497,520, Speciality Tea - Camomile,1.3
1498,521,Regular Americano,1.95
1499,521, Cortado,2.05
1500,521,Large Flavoured latte - Caramel,2.85
1501,521,Regular Flavoured latte - Hazelnut,2.55
1502,521, Flavoured iced latte - Hazelnut,2.75
1503,522, Flat white,2.15
1504,522, Flat white,2.15
1505,523, Speciality Tea - Fruit,1.3
1506,524, Speciality Tea - Green,1.3
1507,524,Large Flavoured hot chocolate - Hazelnut,2.9
1508,524, Glass of milk,0.7
1509,524, Speciality Tea - Green,1.3
1510,525, Flat white,2.15
1511,525, Iced americano,2.15
1512,525,Regular Flavoured latte - Caramel,2.55
1513,526,Large Flavoured hot chocolate - Hazelnut,2.9
1514,526,Large Espresso,1.8
1515,526,Regular Flavoured latte - Hazelnut,2.55
1516,527, Speciality Tea - Green,1.3
1517,527, Smoothies - Carrot Kick,2.0
1518,527, Babyccino,0.0
1519,528,Regular Flavoured latte - Gingerbread,2.55
1520,528, Frappes - Chocolate Cookie,2.75
1521,528, Speciality Tea - Peppermint,1.3
1522,528,Regular Americano,1.95
1523,529,Large Cappuccino,2.45
1524,529, Speciality Tea - Fruit,1.3
1525,530, Frappes - Coffee,2.75
1526,530,Regular Flavoured latte - Vanilla,2.55
1527,531,Regular Filter coffee,1.5
1528,531, Flavoured iced latte - Caramel,2.75
1529,531,Large Flavoured latte - Gingerbread,2.85
1530,531, Glass of milk,0.7
1531,532,Large Cappuccino,2.45
1532,532, Flavoured iced latte - Hazelnut,2.75
1533,533,Large Flavoured hot chocolate - Vanilla,2.9
1534,533,Regular Chai latte,2.3
1535,534,Large Espresso,1.8
1536,534,Regular Flavoured latte - Gingerbread,2.55
1537,535, Flavoured iced latte - Vanilla,2.75
1538,535,Large Espresso,1.8
1539,536, Frappes - Chocolate Cookie,2.75
1540,536, Frappes - Coffee,2.75
1541,536,Regular Luxury hot chocolate,2.4
1542,536,Regular Flavoured latte - Caramel,2.55
1543,537, Flat white,2.15
1544,537,Regular Cappuccino,2.15
1545,537, Speciality Tea - Peppermint,1.3
1546,538, Speciality Tea - Fruit,1.3
1547,539, Flavoured iced latte - Caramel,2.75
1548,540,Large Americano,2.25
1549,541,Regular Filter coffee,1.5
1550,541,Regular Hot chocolate,2.2
1551,541,Regular Flavoured latte - Vanilla,2.55
1552,541, Smoothies - Carrot Kick,2.0
1553,542, Flavoured iced latte - Hazelnut,2.75
1554,543, Flavoured iced latte - Vanilla,2.75
1555,543, Frappes - Strawberries & Cream,2.75
1556,544, Iced americano,2.15
1557,545,Large Flavoured hot chocolate - Hazelnut,2.9
1558,545, Red Label tea,1.2
1559,545, Speciality Tea - Darjeeling,1.3
1560,545, Frappes - Chocolate Cookie,2.75
1561,545,Large Americano,2.25
1562,546, Speciality Tea - Camomile,1.3
1563,546, Iced latte,2.35
1564,546, Speciality Tea - English breakfast,1.3
1565,547, Speciality Tea - Earl Grey,1.3
1566,547,Large Flavoured latte - Hazelnut,2.85
1567,547, Glass of milk,0.7
1568,548,Regular Cappuccino,2.15
1569,549, Flavoured iced latte - Caramel,2.75
1570,549,Large Flavoured latte - Caramel,2.85
1571,550, Smoothies - Carrot Kick,2.0
1572,551,Regular Flavoured latte - Vanilla,2.55
1573,551, Cortado,2.05
1574,551, Red Label tea,1.2
1575,551, Hot Chocolate,1.4
1576,551,Large Espresso,1.8
1577,552, Iced americano,2.15
1578,553,Large Flavoured hot chocolate - Hazelnut,2.9
1579,553,Regular Chai latte,2.3
1580,553, Smoothies - Glowing Greens,2.0
1581,554,Regular Flavoured latte - Hazelnut,2.55
1582,555, Speciality Tea - Camomile,1.3
1583,556,Regular Flavoured latte - Vanilla,2.55
1584,556,Regular Luxury hot chocolate,2.4
1585,556,Large Hot chocolate,2.9
1586,557,Regular Hot chocolate,2.2
1587,557,Regular Latte,2.15
1588,557,Regular Filter coffee,1.5
1589,557, Glass of milk,0.7
1590,557,Large Cappuccino,2.45
1591,558, Speciality Tea - Green,1.3
1592,558, Speciality Tea - Camomile,1.3
1593,559, Babyccino,0.0
1594,559,Large Cappuccino,2.45
1595,559, Iced latte,2.35
1596,559, Frappes - Chocolate Cookie,2.75
1597,560, Flavoured iced latte - Vanilla,2.75
1598,560, Red Label tea,1.2
1599,560, Speciality Tea - Camomile,1.3
1600,561, Flat white,2.15
1601,561, Speciality Tea - English breakfast,1.3
1602,561, Frappes - Chocolate Cookie,2.75
1603,562, Speciality Tea - Green,1.3
1604,562, Cortado,2.05
1605,562, Cortado,2.05
1606,563, Iced americano,2.15
1607,563,Large Flavoured latte - Gingerbread,2.85
1608,564,Regular Cappuccino,2.15
1609,565, Speciality Tea - Camomile,1.3
1610,565, Speciality Tea - English breakfast,1.3
1611,565, Red Label tea,1.2
1612,565, Red Label tea,1.2
1613,565,Regular Flavoured latte - Vanilla,2.55
1614,566, Hot Chocolate,1.4
1615,567, Speciality Tea - Peppermint,1.3
1616,567, Speciality Tea - Darjeeling,1.3
1617,568, Smoothies - Carrot Kick,2.0
1618,568, Flavoured iced latte - Hazelnut,2.75
1619,568, Mocha,2.3
1620,568,Large Flavoured hot chocolate - Caramel,2.9
1621,568, Frappes - Coffee,2.75
1622,569, Red Label tea,1.2
1623,569, Iced latte,2.35
1624,570,Large Flavoured latte - Hazelnut,2.85
1625,571, Iced americano,2.15
1626,572,Large Flavoured latte - Hazelnut,2.85
1627,572, Iced americano,2.15
1628,573,Regular Flavoured hot chocolate - Vanilla,2.6
1629,573, Red Label tea,1.2
1630,573,Regular Flavoured latte - Gingerbread,2.55
1631,573,Regular Cappuccino,2.15
1632,574, Speciality Tea - Peppermint,1.3
1633,574, Flavoured iced latte - Hazelnut,2.75
1634,575, Iced americano,2.15
1635,576,Regular Cappuccino,2.15
1636,576,Regular Flavoured latte - Vanilla,2.55
1637,576, Frappes - Chocolate Cookie,2.75
1638,576,Large Flavoured latte - Hazelnut,2.85
1639,576,Regular Luxury hot chocolate,2.4
1640,577, Speciality Tea - English breakfast,1.3
1641,577, Speciality Tea - English breakfast,1.3
1642,577, Smoothies - Carrot Kick,2.0
1643,578, Flavoured iced latte - Hazelnut,2.75
1644,578,Large Flavoured latte - Hazelnut,2.85
1645,578, Frappes - Strawberries & Cream,2.75
1646,578, Glass of milk,0.7
1647,579,Large Filter coffee,1.8
1648,579,Regular Flavoured latte - Gingerbread,2.55
1649,580,Large Filter coffee,1.8
1650,581,Large Filter coffee,1.8
1651,581, Babyccino,0.0
1652,581,Large Flavoured hot chocolate - Caramel,2.9
1653,581, Speciality Tea - English breakfast,1.3
1654,582,Large Chai latte,2.6
1655,582, Flavoured iced latte - Vanilla,2.75
1656,582, Smoothies - Carrot Kick,2.0
1657,582, Red Label tea,1.2
1658,583, Flavoured iced latte - Hazelnut,2.75
1659,583,Large Americano,2.25
1660,583, Frappes - Coffee,2.75
1661,583, Frappes - Chocolate Cookie,2.75
1662,584, Glass of milk,0.7
1663,584, Speciality Tea - Green,1.3
1664,584,Large Flavoured latte - Hazelnut,2.85
1665,584,Large Chai latte,2.6
1666,584, Speciality Tea - Darjeeling,1.3
1667,585,Large Filter coffee,1.8
1668,585, Speciality Tea - Earl Grey,1.3
1669,585,Regular Americano,1.95
1670,586, Glass of milk,0.7
1671,586,Large Hot chocolate,2.9
1672,586, Red Label tea,1.2
1673,586, Speciality Tea - Camomile,1.3
1674,586, Speciality Tea - Earl Grey,1.3
1675,587, Cortado,2.05
1676,587, Frappes - Chocolate Cookie,2.75
1677,587, Frappes - Chocolate Cookie,2.75
1678,587,Large Hot chocolate,2.9
1679,588, Frappes - Strawberries & Cream,2.75
1680,588,Regular Flavoured latte - Hazelnut,2.55
1681,589,Large Americano,2.25
1682,589, Flavoured iced latte - Vanilla,2.75
1683,589, Speciality Tea - Earl Grey,1.3
1684,590, Frappes - Strawberries & Cream,2.75
1685,591, Frappes - Chocolate Cookie,2.75
1686,591, Speciality Tea - Darjeeling,1.3
1687,591, Speciality Tea - Peppermint,1.3
1688,591, Hot Chocolate,1.4
1689,591, Speciality Tea - Earl Grey,1.3
1690,592, Flavoured iced latte - Hazelnut,2.75
1691,592, Flat white,2.15
1692,592, Smoothies - Glowing Greens,2.0
1693,593, Iced americano,2.15
1694,594,Regular Hot chocolate,2.2
1695,594,Regular Americano,1.95
1696,594,Large Cappuccino,2.45
1697,594, Cortado,2.05
1698,595, Speciality Tea - Green,1.3
1699,595, Speciality Tea - Green,1.3
1700,595,Large Americano,2.25
1701,596,Regular Chai latte,2.3
1702,596,Large Cappuccino,2.45
1703,596,Large Espresso,1.8
1704,596,Large Espresso,1.8
1705,596, Speciality Tea - English breakfast,1.3
1706,597,Regular Flavoured latte - Hazelnut,2.55
1707,598, Speciality Tea - English breakfast,1.3
1708,599,Regular Luxury hot chocolate,2.4
1709,600, Speciality Tea - Green,1.3
1710,600, Smoothies - Glowing Greens,2.0
1711,600, Frappes - Strawberries & Cream,2.75
1712,600, Speciality Tea - Camomile,1.3
1713,600,Regular Filter coffee,1.5
1714,601, Flavoured iced latte - Hazelnut,2.75
1715,601, Speciality Tea - Darjeeling,1.3
1716,601,Regular Chai latte,2.3
1717,602,Large Cappuccino,2.45
1718,602, Glass of milk,0.7
1719,602, Flavoured iced latte - Caramel,2.75
1720,603, Red Label tea,1.2
1721,603, Speciality Tea - Peppermint,1.3
1722,604, Speciality Tea - English breakfast,1.3
1723,604, Speciality Tea - Camomile,1.3
1724,604,Large Flavoured latte - Hazelnut,2.85
1725,604,Large Latte,2.45
1726,605, Iced americano,2.15
1727,605, Smoothies - Berry Beautiful,2.0
1728,605, Smoothies - Carrot Kick,2.0
1729,605,Large Flavoured latte - Caramel,2.85
1730,605, Hot Chocolate,1.4
1731,606, Flavoured iced latte - Vanilla,2.75
1732,606,Large Flavoured latte - Gingerbread,2.85
1733,606, Flavoured iced latte - Hazelnut,2.75
1734,606, Speciality Tea - Peppermint,1.3
1735,606, Babyccino,0.0
1736,607, Speciality Tea - Peppermint,1.3
1737,607, Babyccino,0.0
1738,608, Speciality Tea - Earl Grey,1.3
1739,609,Large Flavoured hot chocolate - Vanilla,2.9
1740,609, Flavoured iced latte - Caramel,2.75
1741,609, Flavoured iced latte - Hazelnut,2.75
1742,609,Large Americano,2.25
1743,610, Speciality Tea - Darjeeling,1.3
1744,611, Babyccino,0.0
1745,611, Flavoured iced latte - Caramel,2.75
1746,611,Regular Flavoured latte - Hazelnut,2.55
1747,612,Regular Espresso,1.5
1748,612, Frappes - Strawberries & Cream,2.75
1749,612,Large Latte,2.45
1750,612, Iced americano,2.15
1751,613,Large Flavoured latte - Vanilla,2.85
1752,614, Cortado,2.05
1753,614,Large Flavoured hot chocolate - Caramel,2.9
1754,615,Large Flavoured latte - Vanilla,2.85
1755,615,Large Espresso,1.8
1756,616,Large Latte,2.45
1757,616, Smoothies - Glowing Greens,2.0
1758,617, Hot Chocolate,1.4
1759,617, Speciality Tea - Darjeeling,1.3
1760,617,Large Flavoured latte - Vanilla,2.85
1761,618, Frappes - Coffee,2.75
1762,618, Flavoured iced latte - Caramel,2.75
1763,618,Large Flavoured latte - Caramel,2.85
1764,619,Large Cappuccino,2.45
1765,619, Smoothies - Carrot Kick,2.0
1766,619, Speciality Tea - Earl Grey,1.3
1767,620, Speciality Tea - Fruit,1.3
1768,620,Regular Flavoured hot chocolate - Vanilla,2.6
1769,620,Large Flavoured latte - Hazelnut,2.85
1770,620, Flat white,2.15
1771,621,Large Americano,2.25
1772,621,Regular Flavoured latte - Caramel,2.55
1773,621, Glass of milk,0.7
1774,621, Speciality Tea - Fruit,1.3
1775,621, Iced americano,2.15
1776,622,Large Flavoured latte - Vanilla,2.85
1777,622,Regular Luxury hot chocolate,2.4
1778,623,Large Flavoured latte - Gingerbread,2.85
1779,623,Regular Luxury hot chocolate,2.4
1780,623,Regular Americano,1.95
1781,624, Iced americano,2.15
1782,624, Speciality Tea - Peppermint,1.3
1783,624, Iced americano,2.15
1784,624, Speciality Tea - Darjeeling,1.3
1785,625,Large Flavoured hot chocolate - Caramel,2.9
1786,625,Large Latte,2.45
1787,625, Iced americano,2.15
1788,625,Regular Flavoured hot chocolate - Hazelnut,2.6
1789,625,Large Latte,2.45
1790,626, Frappes - Chocolate Cookie,2.75
1791,627,Large Cappuccino,2.45
1792,627, Hot Chocolate,1.4
1793,628, Cortado,2.05
1794,628,Large Flavoured hot chocolate - Vanilla,2.9
1795,629, Flavoured iced latte - Hazelnut,2.75
1796,630, Smoothies - Berry Beautiful,2.0
1797,631,Regular Americano,1.95
1798,631, Babyccino,0.0
1799,631,Regular Latte,2.15
1800,632, Speciality Tea - Camomile,1.3
1801,632,Regular Filter coffee,1.5
1802,633, Speciality Tea - Camomile,1.3
1803,633,Large Chai latte,2.6
1804,633,Large Flavoured latte - Vanilla,2.85
1805,633,Regular Flavoured hot chocolate - Hazelnut,2.6
1806,633, Hot Chocolate,1.4
1807,634, Speciality Tea - Green,1.3
1808,635, Iced americano,2.15
1809,636, Frappes - Strawberries & Cream,2.75
1810,636, Iced americano,2.15
1811,636,Large Latte,2.45
1812,636, Mocha,2.3
1813,637, Flavoured iced latte - Hazelnut,2.75
1814,637,Regular Filter coffee,1.5
1815,637, Babyccino,0.0
1816,638,Regular Hot chocolate,2.2
1817,638,Regular Luxury hot chocolate,2.4
1818,639,Large Americano,2.25
1819,640, Glass of milk,0.7
1820,640,Large Flavoured hot chocolate - Caramel,2.9
1821,640, Cortado,2.05
1822,640,Regular Flavoured latte - Gingerbread,2.55
1823,640, Speciality Tea - Darjeeling,1.3
1824,641,Regular Flavoured hot chocolate - Caramel,2.6
1825,641,Large Cappuccino,2.45
1826,641,Large Flavoured hot chocolate - Hazelnut,2.9
1827,641, Cortado,2.05
1828,641, Flavoured iced latte - Hazelnut,2.75
1829,642, Iced latte,2.35
1830,642,Large Flavoured latte - Vanilla,2.85
1831,642, Speciality Tea - Green,1.3
1832,643, Smoothies - Carrot Kick,2.0
1833,643, Iced americano,2.15
1834,644, Speciality Tea - Green,1.3
1835,644, Speciality Tea - Earl Grey,1.3
1836,645, Frappes - Coffee,2.75
1837,645,Regular Flavoured latte - Vanilla,2.55
1838,645,Regular Latte,2.15
1839,645,Large Flavoured hot chocolate - Caramel,2.9
1840,645, Speciality Tea - Darjeeling,1.3
1841,646, Smoothies - Berry Beautiful,2.0
1842,646,Large Luxury hot chocolate,2.7
1843,647, Flavoured iced latte - Vanilla,2.75
1844,647, Red Label tea,1.2
1845,647,Large Flavoured hot chocolate - Hazelnut,2.9
1846,647,Regular Hot chocolate,2.2
1847,648,Large Hot chocolate,2.9
1848,648,Regular Flavoured latte - Hazelnut,2.55
1849,649, Cortado,2.05
1850,649,Large Flavoured latte - Vanilla,2.85
1851,649, Speciality Tea - Darjeeling,1.3
1852,649, Frappes - Chocolate Cookie,2.75
1853,649, Frappes - Coffee,2.75
1854,650, Frappes - Strawberries & Cream,2.75
1855,651, Mocha,2.3
1856,651, Smoothies - Glowing Greens,2.0
1857,651, Flavoured iced latte - Hazelnut,2.75
1858,651, Smoothies - Glowing Greens,2.0
1859,651, Frappes - Coffee,2.75
1860,652, Iced americano,2.15
1861,652,Large Chai latte,2.6
1862,652, Speciality Tea - Earl Grey,1.3
1863,652,Regular Flavoured latte - Hazelnut,2.55
1864,652,Regular Hot chocolate,2.2
1865,653, Flat white,2.15
1866,653, Babyccino,0.0
1867,653, Iced americano,2.15
1868,653, Speciality Tea - Fruit,1.3
1869,653, Speciality Tea - Peppermint,1.3
1870,654, Flat white,2.15
1871,654, Smoothies - Berry Beautiful,2.0
1872,654, Cortado,2.05
1873,654,Regular Flavoured hot chocolate - Hazelnut,2.6
1874,654,Regular Flavoured latte - Vanilla,2.55
1875,655,Large Flavoured latte - Hazelnut,2.85
1876,655,Regular Flavoured hot chocolate - Vanilla,2.6
1877,655, Flavoured iced latte - Caramel,2.75
1878,655, Babyccino,0.0
1879,655,Large Cappuccino,2.45
1880,656, Iced latte,2.35
1881,656,Regular Flavoured latte - Gingerbread,2.55
1882,656,Regular Flavoured latte - Hazelnut,2.55
1883,656, Speciality Tea - Earl Grey,1.3
1884,656, Iced latte,2.35
1885,657,Large Cappuccino,2.45
1886,657,Large Flavoured latte - Caramel,2.85
1887,657, Speciality Tea - Fruit,1.3
1888,658, Flavoured iced latte - Caramel,2.75
1889,658, Frappes - Chocolate Cookie,2.75
1890,658,Regular Americano,1.95
1891,658,Regular Americano,1.95
1892,659, Flat white,2.15
1893,660, Speciality Tea - Green,1.3
1894,660, Glass of milk,0.7
1895,660, Speciality Tea - Camomile,1.3
1896,660,Regular Luxury hot chocolate,2.4
1897,661, Glass of milk,0.7
1898,661, Flavoured iced latte - Vanilla,2.75
1899,661, Red Label tea,1.2
1900,661,Large Flavoured hot chocolate - Vanilla,2.9
1901,662, Speciality Tea - Green,1.3
1902,662,Regular Flavoured hot chocolate - Vanilla,2.6
1903,663, Flavoured iced latte - Hazelnut,2.75
1904,664, Red Label tea,1.2
1905,664,Large Cappuccino,2.45
1906,665, Speciality Tea - Fruit,1.3
1907,665, Speciality Tea - Darjeeling,1.3
1908,665, Speciality Tea - Earl Grey,1.3
1909,665,Regular Flavoured hot chocolate - Hazelnut,2.6
1910,666, Glass of milk,0.7
1911,667,Regular Americano,1.95
1912,668, Frappes - Chocolate Cookie,2.75
1913,669,Regular Flavoured latte - Hazelnut,2.55
1914,669,Large Flavoured latte - Hazelnut,2.85
1915,670, Cortado,2.05
1916,670, Smoothies - Berry Beautiful,2.0
1917,671, Flavoured iced latte - Vanilla,2.75
1918,671, Iced latte,2.35
1919,671, Speciality Tea - Camomile,1.3
1920,671, Mocha,2.3
1921,671, Smoothies - Glowing Greens,2.0
1922,672,Large Latte,2.45
1923,672, Speciality Tea - Camomile,1.3
1924,672,Regular Americano,1.95
1925,672,Regular Flavoured latte - Hazelnut,2.55
1926,673,Regular Cappuccino,2.15
1927,673, Flavoured iced latte - Hazelnut,2.75
1928,673,Large Cappuccino,2.45
1929,673, Red Label tea,1.2
1930,673, Speciality Tea - Green,1.3
1931,674,Large Luxury hot chocolate,2.7
1932,675,Regular Flavoured latte - Gingerbread,2.55
1933,675, Flavoured iced latte - Caramel,2.75
1934,675, Flavoured iced latte - Hazelnut,2.75
1935,676,Regular Flavoured latte - Gingerbread,2.55
1936,677, Flat white,2.15
1937,677, Speciality Tea - Camomile,1.3
1938,677, Smoothies - Glowing Greens,2.0
1939,678,Large Espresso,1.8
1940,678,Large Luxury hot chocolate,2.7
1941,678,Regular Flavoured hot chocolate - Vanilla,2.6
1942,678, Speciality Tea - English breakfast,1.3
1943,679, Babyccino,0.0
1944,679, Iced latte,2.35
1945,680, Cortado,2.05
1946,680,Regular Americano,1.95
1947,681, Speciality Tea - Darjeeling,1.3
1948,681,Large Flavoured hot chocolate - Hazelnut,2.9
1949,682, Smoothies - Berry Beautiful,2.0
1950,682, Smoothies - Glowing Greens,2.0
1951,682,Regular Flavoured latte - Gingerbread,2.55
1952,682, Frappes - Chocolate Cookie,2.75
1953,682,Regular Flavoured latte - Gingerbread,2.55
1954,683,Large Hot chocolate,2.9
1955,683, Frappes - Coffee,2.75
1956,683,Regular Hot chocolate,2.2
1957,684, Glass of milk,0.7
1958,684,Regular Luxury hot chocolate,2.4
1959,684,Large Filter coffee,1.8
1960,684, Hot Chocolate,1.4
1961,685, Flavoured iced latte - Hazelnut,2.75
1962,685, Iced americano,2.15
1963,685,Regular Espresso,1.5
1964,685,Large Flavoured hot chocolate - Hazelnut,2.9
1965,685, Smoothies - Carrot Kick,2.0
1966,686,Regular Flavoured hot chocolate - Hazelnut,2.6
1967,686,Regular Flavoured latte - Hazelnut,2.55
1968,686, Smoothies - Glowing Greens,2.0
1969,686, Speciality Tea - Fruit,1.3
1970,686, Smoothies - Berry Beautiful,2.0
1971,687,Regular Hot chocolate,2.2
1972,687, Flavoured iced latte - Caramel,2.75
1973,687, Speciality Tea - Darjeeling,1.3
1974,688, Smoothies - Berry Beautiful,2.0
1975,688, Cortado,2.05
1976,689, Red Label tea,1.2
1977,689,Large Flavoured latte - Vanilla,2.85
1978,689, Flavoured iced latte - Vanilla,2.75
1979,689,Regular Flavoured latte - Gingerbread,2.55
1980,690, Red Label tea,1.2
1981,690, Speciality Tea - Darjeeling,1.3
1982,690,Large Luxury hot chocolate,2.7
1983,691, Speciality Tea - Fruit,1.3
1984,691,Large Cappuccino,2.45
1985,691, Speciality Tea - Green,1.3
1986,691, Babyccino,0.0
1987,691,Regular Hot chocolate,2.2
