﻿
1,Isle of Wight,Ronnie True,29/09/2020 09:00,1.4
2,Isle of Wight,David Brathwaite,29/09/2020 09:00,10.0
3,Isle of Wight,Lester Levine,29/09/2020 09:01,2.3
4,Isle of Wight,Oliver Hicks,29/09/2020 09:01,5.65
5,Isle of Wight,April Allison,29/09/2020 09:02,5.7
6,Isle of Wight,Paul Krans,29/09/2020 09:02,5.2
7,Isle of Wight,Elisabeth Miller,29/09/2020 09:03,7.65
8,Isle of Wight,Wayne Dufrene,29/09/2020 09:03,5.1
9,Isle of Wight,Robert Wolfe,29/09/2020 09:04,11.5
10,Isle of Wight,Thelma Speroni,29/09/2020 09:04,9.2
11,Isle of Wight,Denise Howell,29/09/2020 09:05,4.75
12,Isle of Wight,Ernesto Hoehn,29/09/2020 09:05,10.95
13,Isle of Wight,Cecile Williams,29/09/2020 09:06,7.6
14,Isle of Wight,Claude Lawrence,29/09/2020 09:06,6.45
15,Isle of Wight,Irvin Stafford,29/09/2020 09:07,10.75
16,Isle of Wight,Anna Smith,29/09/2020 09:07,2.15
17,Isle of Wight,Justin Hall,29/09/2020 09:08,2.05
18,Isle of Wight,Jason Esterly,29/09/2020 09:08,2.6
19,Isle of Wight,Phyllis Kann,29/09/2020 09:09,2.9
20,Isle of Wight,Martha Randazzo,29/09/2020 09:09,2.05
21,Isle of Wight,Yolanda Werner,29/09/2020 09:10,4.9
22,Isle of Wight,Dawn Garrison,29/09/2020 09:10,4.85
23,Isle of Wight,Thomas Schlenz,29/09/2020 09:11,12.4
24,Isle of Wight,Jami Langston,29/09/2020 09:11,1.3
25,Isle of Wight,Wallace Grant,29/09/2020 09:12,11.1
26,Isle of Wight,Sue Bostian,29/09/2020 09:12,2.9
27,Isle of Wight,Adrienne Barney,29/09/2020 09:13,3.1
28,Isle of Wight,Marilyn Kelly,29/09/2020 09:13,3.25
29,Isle of Wight,Thomasena Schulz,29/09/2020 09:14,6.85
30,Isle of Wight,Robert Ellington,29/09/2020 09:14,5.15
31,Isle of Wight,Michael Lewis,29/09/2020 09:15,8.5
32,Isle of Wight,Dorothy Chavez,29/09/2020 09:15,1.8
33,Isle of Wight,Ralph Britt,29/09/2020 09:16,11.55
34,Isle of Wight,Nancy Moneyhun,29/09/2020 09:16,6.8
35,Isle of Wight,Rena Loeza,29/09/2020 09:17,2.75
36,Isle of Wight,David Gray,29/09/2020 09:17,8.1
37,Isle of Wight,Judy Shives,29/09/2020 09:18,6.2
38,Isle of Wight,Joy Ledesma,29/09/2020 09:18,12.15
39,Isle of Wight,Anna Whitley,29/09/2020 09:19,2.85
40,Isle of Wight,Mark Rhodes,29/09/2020 09:19,5.7
41,Isle of Wight,John Martinez,29/09/2020 09:20,2.35
42,Isle of Wight,Brenda David,29/09/2020 09:20,2.7
43,Isle of Wight,Wilton Laplante,29/09/2020 09:21,8.1
44,Isle of Wight,Margarita Tipps,29/09/2020 09:21,1.8
45,Isle of Wight,Kenneth Echavarria,29/09/2020 09:22,5.05
46,Isle of Wight,Lillie Oster,29/09/2020 09:22,2.85
47,Isle of Wight,Sandra Mclaughlin,29/09/2020 09:23,2.6
48,Isle of Wight,Thomas Parshall,29/09/2020 09:23,8.05
49,Isle of Wight,Charles Burkhardt,29/09/2020 09:24,2.6
50,Isle of Wight,Edna Scelzo,29/09/2020 09:24,4.95
51,Isle of Wight,Judith Powers,29/09/2020 09:25,8.25
52,Isle of Wight,John Knopp,29/09/2020 09:25,5.85
53,Isle of Wight,Nancy Xayasith,29/09/2020 09:26,7.45
54,Isle of Wight,Jeffrey Flora,29/09/2020 09:26,8.5
55,Isle of Wight,James Wheeler,29/09/2020 09:27,2.6
56,Isle of Wight,Julie Harris,29/09/2020 09:27,3.35
57,Isle of Wight,Mary Robinson,29/09/2020 09:28,6.35
58,Isle of Wight,Robert Blau,29/09/2020 09:28,2.85
59,Isle of Wight,Maxine Matteson,29/09/2020 09:29,7.0
60,Isle of Wight,Mary Veil,29/09/2020 09:29,9.4
61,Isle of Wight,Edna Welker,29/09/2020 09:30,4.75
62,Isle of Wight,Mary Vangieson,29/09/2020 09:30,9.9
63,Isle of Wight,Dana Duvall,29/09/2020 09:31,7.95
64,Isle of Wight,Margarita Cochran,29/09/2020 09:31,8.3
65,Isle of Wight,Edna Spear,29/09/2020 09:32,6.4
66,Isle of Wight,David Pascua,29/09/2020 09:32,2.6
67,Isle of Wight,Alex Gilmore,29/09/2020 09:33,10.4
68,Isle of Wight,Heather Torres,29/09/2020 09:33,5.55
69,Isle of Wight,Randolph Dougherty,29/09/2020 09:34,6.9
70,Isle of Wight,Duane Hoyt,29/09/2020 09:34,8.75
71,Isle of Wight,Kevin Scott,29/09/2020 09:35,9.5
72,Isle of Wight,Raul Langham,29/09/2020 09:35,11.35
73,Isle of Wight,David Howell,29/09/2020 09:36,1.3
74,Isle of Wight,Michael Capehart,29/09/2020 09:36,2.6
75,Isle of Wight,Eugene Fernandez,29/09/2020 09:37,2.6
76,Isle of Wight,Cara Challenger,29/09/2020 09:37,2.9
77,Isle of Wight,Kevin Ketchum,29/09/2020 09:38,7.0
78,Isle of Wight,Doris Levy,29/09/2020 09:38,6.7
79,Isle of Wight,Roy Forester,29/09/2020 09:39,6.45
80,Isle of Wight,Bernie Rhode,29/09/2020 09:39,10.1
81,Isle of Wight,Brandon Love,29/09/2020 09:40,2.3
82,Isle of Wight,David Weatherly,29/09/2020 09:40,7.9
83,Isle of Wight,Norma Tongate,29/09/2020 09:41,2.75
84,Isle of Wight,Erica Lang,29/09/2020 09:41,1.3
85,Isle of Wight,Ruth Foster,29/09/2020 09:42,6.45
86,Isle of Wight,John Andrews,29/09/2020 09:42,5.0
87,Isle of Wight,Lucille Michel,29/09/2020 09:43,11.8
88,Isle of Wight,Clayton Bennett,29/09/2020 09:43,2.35
89,Isle of Wight,Joshua Hamilton,29/09/2020 09:44,8.9
90,Isle of Wight,Steven Marin,29/09/2020 09:44,7.9
91,Isle of Wight,Marcia Winters,29/09/2020 09:45,9.0
92,Isle of Wight,Rene Bowden,29/09/2020 09:45,2.6
93,Isle of Wight,Jimmy Delisle,29/09/2020 09:46,9.3
94,Isle of Wight,Wilfredo Ornellas,29/09/2020 09:46,10.15
95,Isle of Wight,Gerald Bertsch,29/09/2020 09:47,3.25
96,Isle of Wight,Chong Wilkins,29/09/2020 09:47,8.75
97,Isle of Wight,Sandra Musielak,29/09/2020 09:48,7.2
98,Isle of Wight,Doris Jenkins,29/09/2020 09:48,10.85
99,Isle of Wight,Michael Liberto,29/09/2020 09:49,10.55
100,Isle of Wight,Wilma Rouse,29/09/2020 09:49,7.45
101,Isle of Wight,Jacqueline Cooke,29/09/2020 09:50,4.1
102,Isle of Wight,Terry Bon,29/09/2020 09:50,7.35
103,Isle of Wight,David Blackman,29/09/2020 09:51,2.0
104,Isle of Wight,Raquel Patenaude,29/09/2020 09:51,5.35
105,Isle of Wight,John Golston,29/09/2020 09:52,4.05
106,Isle of Wight,William Davis,29/09/2020 09:52,5.0
107,Isle of Wight,Rebecca Barone,29/09/2020 09:53,5.15
108,Isle of Wight,Jean Smith,29/09/2020 09:53,5.8
109,Isle of Wight,Burton Moses,29/09/2020 09:54,0.0
110,Isle of Wight,Camilla Lashbrook,29/09/2020 09:54,8.8
111,Isle of Wight,Robert Joyce,29/09/2020 09:55,2.75
112,Isle of Wight,Diana Heath,29/09/2020 09:55,6.75
113,Isle of Wight,Tanya Sprinkle,29/09/2020 09:56,2.55
114,Isle of Wight,Dave Smith,29/09/2020 09:56,6.05
115,Isle of Wight,Kenneth Norman,29/09/2020 09:57,11.3
116,Isle of Wight,Cary Santistevan,29/09/2020 09:57,1.3
117,Isle of Wight,Dorothy Marshall,29/09/2020 09:58,6.45
118,Isle of Wight,Douglas Mcelroy,29/09/2020 09:58,2.25
119,Isle of Wight,Donald Barnes,29/09/2020 09:59,2.15
120,Isle of Wight,Marilyn Fine,29/09/2020 09:59,4.15
121,Isle of Wight,Gregory Young,29/09/2020 10:00,5.5
122,Isle of Wight,Danielle Malone,29/09/2020 10:00,4.15
123,Isle of Wight,James Pitts,29/09/2020 10:01,7.7
124,Isle of Wight,Sharon Flores,29/09/2020 10:01,10.2
125,Isle of Wight,David Solis,29/09/2020 10:02,8.55
126,Isle of Wight,Alice Lamontagne,29/09/2020 10:02,6.0
127,Isle of Wight,Carmen Anderson,29/09/2020 10:03,1.3
128,Isle of Wight,Catherine Gilliam,29/09/2020 10:03,8.2
129,Isle of Wight,Rodger Dorsey,29/09/2020 10:04,5.55
130,Isle of Wight,Joshua Deni,29/09/2020 10:04,4.0
131,Isle of Wight,Paul Bulson,29/09/2020 10:05,5.2
132,Isle of Wight,Olivia Luna,29/09/2020 10:05,4.9
133,Isle of Wight,Frederick Fidler,29/09/2020 10:06,6.95
134,Isle of Wight,Michelle Calhoun,29/09/2020 10:06,10.55
135,Isle of Wight,Matthew Zalewski,29/09/2020 10:07,5.75
136,Isle of Wight,Shirley Galindo,29/09/2020 10:07,3.45
137,Isle of Wight,Robert Stacey,29/09/2020 10:08,4.0
138,Isle of Wight,Javier Cadorette,29/09/2020 10:08,9.15
139,Isle of Wight,Wally Holland,29/09/2020 10:09,9.25
140,Isle of Wight,Mary Philson,29/09/2020 10:09,9.6
141,Isle of Wight,Bessie Koeller,29/09/2020 10:10,4.2
142,Isle of Wight,Audrey Hayes,29/09/2020 10:10,4.9
143,Isle of Wight,Edward Brogan,29/09/2020 10:11,5.4
144,Isle of Wight,Delbert Muller,29/09/2020 10:11,2.0
145,Isle of Wight,James Perkins,29/09/2020 10:12,11.75
146,Isle of Wight,Dexter Turnbow,29/09/2020 10:12,4.05
147,Isle of Wight,Georgina Suter,29/09/2020 10:13,11.8
148,Isle of Wight,Peter Knop,29/09/2020 10:13,2.55
149,Isle of Wight,Vernon Letarte,29/09/2020 10:14,5.0
150,Isle of Wight,Sonia Zinger,29/09/2020 10:14,1.3
151,Isle of Wight,Ashley Johnson,29/09/2020 10:15,10.25
152,Isle of Wight,Sheree Horton,29/09/2020 10:15,9.15
153,Isle of Wight,Juanita Bryant,29/09/2020 10:16,1.3
154,Isle of Wight,Earle Odaniel,29/09/2020 10:16,4.1
155,Isle of Wight,Margaret Maldonado,29/09/2020 10:17,7.6
156,Isle of Wight,James Hollister,29/09/2020 10:17,2.6
157,Isle of Wight,Ronald Watson,29/09/2020 10:18,7.6
158,Isle of Wight,Anabel King,29/09/2020 10:18,8.15
159,Isle of Wight,Kelly Barnes,29/09/2020 10:19,3.4
160,Isle of Wight,Chad Oneill,29/09/2020 10:19,4.75
161,Isle of Wight,Scott Hyatt,29/09/2020 10:20,4.75
162,Isle of Wight,Albert Nixon,29/09/2020 10:20,6.85
163,Isle of Wight,Cynthia Byers,29/09/2020 10:21,2.6
164,Isle of Wight,Gail Mcguffee,29/09/2020 10:21,9.8
165,Isle of Wight,Carolyn Harris,29/09/2020 10:22,9.5
166,Isle of Wight,Margaret Parr,29/09/2020 10:22,10.25
167,Isle of Wight,Louis Stacey,29/09/2020 10:23,8.85
168,Isle of Wight,Frederick Ulcena,29/09/2020 10:23,2.15
169,Isle of Wight,Mark Crawford,29/09/2020 10:24,8.2
170,Isle of Wight,Paul Hesson,29/09/2020 10:24,2.6
171,Isle of Wight,Charles Leclair,29/09/2020 10:25,2.9
172,Isle of Wight,Marjorie Guthrie,29/09/2020 10:25,2.75
173,Isle of Wight,Dana Labarbera,29/09/2020 10:26,5.8
174,Isle of Wight,Jessica Azbill,29/09/2020 10:26,2.15
175,Isle of Wight,William Justen,29/09/2020 10:27,5.35
176,Isle of Wight,Mollie Mcgee,29/09/2020 10:27,4.2
177,Isle of Wight,Joseph Rollin,29/09/2020 10:28,2.25
178,Isle of Wight,Allyson Murphy,29/09/2020 10:28,9.9
179,Isle of Wight,Christine Shor,29/09/2020 10:29,2.35
180,Isle of Wight,Kimberly Thibeault,29/09/2020 10:29,8.3
181,Isle of Wight,Reginald Sexton,29/09/2020 10:30,9.4
182,Isle of Wight,Thomas Orourke,29/09/2020 10:30,4.7
183,Isle of Wight,Carol Byrn,29/09/2020 10:31,6.95
184,Isle of Wight,Abbie Traxler,29/09/2020 10:31,7.5
185,Isle of Wight,Patricia Davis,29/09/2020 10:32,6.95
186,Isle of Wight,James Tackett,29/09/2020 10:32,8.05
187,Isle of Wight,Veronica Smith,29/09/2020 10:33,2.3
188,Isle of Wight,Christina Hegarty,29/09/2020 10:33,6.7
189,Isle of Wight,Steven Simpson,29/09/2020 10:34,4.9
190,Isle of Wight,Sheila Drake,29/09/2020 10:34,2.25
191,Isle of Wight,Jimmy Edens,29/09/2020 10:35,7.65
192,Isle of Wight,Juan Schellhase,29/09/2020 10:35,6.0
193,Isle of Wight,Charlie Fugate,29/09/2020 10:36,7.35
194,Isle of Wight,Gladys Beach,29/09/2020 10:36,1.3
195,Isle of Wight,Michael Lapointe,29/09/2020 10:37,7.75
196,Isle of Wight,Vito Smith,29/09/2020 10:37,2.9
197,Isle of Wight,Michelle Millsap,29/09/2020 10:38,11.9
198,Isle of Wight,Juliet Baker,29/09/2020 10:38,4.0
199,Isle of Wight,Francisco Hernandez,29/09/2020 10:39,10.55
200,Isle of Wight,Harold Williams,29/09/2020 10:39,11.55
201,Isle of Wight,William Cooper,29/09/2020 10:40,6.8
202,Isle of Wight,Connie Cote,29/09/2020 10:40,6.85
203,Isle of Wight,Michael Kieff,29/09/2020 10:41,2.15
204,Isle of Wight,Lori Miles,29/09/2020 10:41,7.65
205,Isle of Wight,Beverly Mele,29/09/2020 10:42,9.4
206,Isle of Wight,Kevin Mcmackin,29/09/2020 10:42,11.35
207,Isle of Wight,Sheila Boney,29/09/2020 10:43,5.2
208,Isle of Wight,Eugene Lafever,29/09/2020 10:43,2.0
209,Isle of Wight,Monica Harrison,29/09/2020 10:44,6.95
210,Isle of Wight,Francisco Martin,29/09/2020 10:44,9.1
211,Isle of Wight,Francis Aguilar,29/09/2020 10:45,5.1
212,Isle of Wight,Mary Webster,29/09/2020 10:45,9.5
213,Isle of Wight,Debrah Eubank,29/09/2020 10:46,10.85
214,Isle of Wight,Lynnette Delarosa,29/09/2020 10:46,10.4
215,Isle of Wight,Bobby Benge,29/09/2020 10:47,7.65
216,Isle of Wight,Edward Daniels,29/09/2020 10:47,3.6
217,Isle of Wight,Jeffrey Capo,29/09/2020 10:48,7.25
218,Isle of Wight,Andrew Collins,29/09/2020 10:48,2.9
219,Isle of Wight,David Philbeck,29/09/2020 10:49,6.95
220,Isle of Wight,Chandra Crawley,29/09/2020 10:49,1.3
221,Isle of Wight,Gertrud Atkins,29/09/2020 10:50,3.9
222,Isle of Wight,Charles Rock,29/09/2020 10:50,2.75
223,Isle of Wight,Jacqueline Maner,29/09/2020 10:51,10.55
224,Isle of Wight,Shawn Garner,29/09/2020 10:51,3.55
225,Isle of Wight,Chad Groth,29/09/2020 10:52,2.45
226,Isle of Wight,Leslie Dell,29/09/2020 10:52,10.35
227,Isle of Wight,Curtis Dailey,29/09/2020 10:53,9.55
228,Isle of Wight,Denise Kissel,29/09/2020 10:53,11.25
229,Isle of Wight,Sharon Clemons,29/09/2020 10:54,7.4
230,Isle of Wight,Nicole Johnson,29/09/2020 10:54,7.55
231,Isle of Wight,Frank Edwards,29/09/2020 10:55,12.25
232,Isle of Wight,Marie Reed,29/09/2020 10:55,9.25
233,Isle of Wight,Audrey Watts,29/09/2020 10:56,11.6
234,Isle of Wight,Marion Schroer,29/09/2020 10:56,2.4
235,Isle of Wight,Robbie Jochim,29/09/2020 10:57,2.15
236,Isle of Wight,James Ales,29/09/2020 10:57,3.75
237,Isle of Wight,Michael Salisbury,29/09/2020 10:58,8.35
238,Isle of Wight,Mary Nichols,29/09/2020 10:58,8.95
239,Isle of Wight,Agnes Lafayette,29/09/2020 10:59,2.6
240,Isle of Wight,Megan Frederick,29/09/2020 10:59,11.0
241,Isle of Wight,Josephine Launderville,29/09/2020 11:00,9.5
242,Isle of Wight,Mae Sichler,29/09/2020 11:00,4.2
243,Isle of Wight,Manuel Jugo,29/09/2020 11:01,0.7
244,Isle of Wight,Eddie Hill,29/09/2020 11:02,11.05
245,Isle of Wight,Todd Ballard,29/09/2020 11:02,10.45
246,Isle of Wight,Mary Conard,29/09/2020 11:03,5.75
247,Isle of Wight,Christopher Wood,29/09/2020 11:04,8.65
248,Isle of Wight,Filomena Martinez,29/09/2020 11:04,6.3
249,Isle of Wight,Maria Hunter,29/09/2020 11:05,1.4
250,Isle of Wight,Wendell Oram,29/09/2020 11:06,8.55
251,Isle of Wight,Frank Maymon,29/09/2020 11:06,3.45
252,Isle of Wight,Chester Smith,29/09/2020 11:07,8.05
253,Isle of Wight,William Lopez,29/09/2020 11:08,7.4
254,Isle of Wight,Percy Westmoreland,29/09/2020 11:08,2.6
255,Isle of Wight,Patricia Brown,29/09/2020 11:09,9.4
256,Isle of Wight,Brian Sullivan,29/09/2020 11:10,1.3
257,Isle of Wight,Mayme Bruce,29/09/2020 11:10,10.05
258,Isle of Wight,Bernard Cardello,29/09/2020 11:11,5.2
259,Isle of Wight,Mildred Fulmer,29/09/2020 11:12,5.45
260,Isle of Wight,Delia Parker,29/09/2020 11:12,2.3
261,Isle of Wight,Gail Wilcutt,29/09/2020 11:13,5.85
262,Isle of Wight,Nancy Davis,29/09/2020 11:14,8.25
263,Isle of Wight,Joseph Anderson,29/09/2020 11:14,11.0
264,Isle of Wight,Curtis Ollendick,29/09/2020 11:15,2.2
265,Isle of Wight,Yolanda Grasso,29/09/2020 11:16,5.35
266,Isle of Wight,Jess Love,29/09/2020 11:16,9.6
267,Isle of Wight,Donna Ridgeway,29/09/2020 11:17,1.5
268,Isle of Wight,Howard Jordan,29/09/2020 11:18,7.6
269,Isle of Wight,Flora Lane,29/09/2020 11:18,2.55
270,Isle of Wight,Scott Howe,29/09/2020 11:19,7.65
271,Isle of Wight,Michael Forrest,29/09/2020 11:20,8.1
272,Isle of Wight,Alicia Smith,29/09/2020 11:20,4.2
273,Isle of Wight,Angel Painter,29/09/2020 11:21,4.7
274,Isle of Wight,Robert Lear,29/09/2020 11:22,12.4
275,Isle of Wight,Henry Millsap,29/09/2020 11:22,3.55
276,Isle of Wight,Tara Ackerman,29/09/2020 11:23,10.4
277,Isle of Wight,James Lawrence,29/09/2020 11:24,7.6
278,Isle of Wight,Robert Kennedy,29/09/2020 11:24,6.8
279,Isle of Wight,Shirley Neville,29/09/2020 11:25,9.65
280,Isle of Wight,April Youngman,29/09/2020 11:26,7.65
281,Isle of Wight,Harry Bingham,29/09/2020 11:26,1.2
282,Isle of Wight,John Michaels,29/09/2020 11:27,4.15
283,Isle of Wight,James Johnson,29/09/2020 11:28,7.6
284,Isle of Wight,Sonia Johnson,29/09/2020 11:28,2.9
285,Isle of Wight,Joel Renfro,29/09/2020 11:29,2.55
286,Isle of Wight,Thomas Siddoway,29/09/2020 11:30,0.7
287,Isle of Wight,Jennie Garcia,29/09/2020 11:30,6.9
288,Isle of Wight,Michael Nutt,29/09/2020 11:31,9.2
289,Isle of Wight,Jeremy Roberts,29/09/2020 11:32,3.75
290,Isle of Wight,Rory Rodriquez,29/09/2020 11:32,3.8
291,Isle of Wight,Candace Navarro,29/09/2020 11:33,4.15
292,Isle of Wight,Willie Westling,29/09/2020 11:34,6.05
293,Isle of Wight,Felix Giles,29/09/2020 11:34,1.9
294,Isle of Wight,Jonathan Tesoriero,29/09/2020 11:35,10.3
295,Isle of Wight,Sean Segal,29/09/2020 11:36,2.9
296,Isle of Wight,Erik Boyd,29/09/2020 11:36,8.05
297,Isle of Wight,Larry Warnke,29/09/2020 11:37,12.65
298,Isle of Wight,Ryan Gutierrez,29/09/2020 11:38,2.75
299,Isle of Wight,Janis Ashcraft,29/09/2020 11:38,9.45
300,Isle of Wight,Margarita Carrier,29/09/2020 11:39,9.7
301,Isle of Wight,William Mcray,29/09/2020 11:40,7.8
302,Isle of Wight,Marie Mejia,29/09/2020 11:40,1.4
303,Isle of Wight,Helen Stieger,29/09/2020 11:41,11.55
304,Isle of Wight,Ethel Mccandless,29/09/2020 11:42,1.95
305,Isle of Wight,Pedro Luther,29/09/2020 11:42,2.25
306,Isle of Wight,Thomas Legarreta,29/09/2020 11:43,8.1
307,Isle of Wight,Norman Applebury,29/09/2020 11:44,5.15
308,Isle of Wight,Travis Montano,29/09/2020 11:44,5.95
309,Isle of Wight,Lonnie Nesmith,29/09/2020 11:45,5.3
310,Isle of Wight,James Dalton,29/09/2020 11:46,8.95
311,Isle of Wight,Bryant Matson,29/09/2020 11:46,5.1
312,Isle of Wight,Roxanne Mayo,29/09/2020 11:47,9.6
313,Isle of Wight,Lisa Winters,29/09/2020 11:48,5.2
314,Isle of Wight,Tiffany Benscoter,29/09/2020 11:48,5.5
315,Isle of Wight,John Roberts,29/09/2020 11:49,8.65
316,Isle of Wight,David Roberts,29/09/2020 11:50,8.2
317,Isle of Wight,Julianne Vickers,29/09/2020 11:50,2.6
318,Isle of Wight,Jason Kanter,29/09/2020 11:51,1.3
319,Isle of Wight,Anna Leber,29/09/2020 11:52,7.1
320,Isle of Wight,Karla Benson,29/09/2020 11:52,9.15
321,Isle of Wight,John Stallworth,29/09/2020 11:53,2.2
322,Isle of Wight,Dexter Morey,29/09/2020 11:54,2.55
323,Isle of Wight,Robert Doherty,29/09/2020 11:54,7.55
324,Isle of Wight,Beulah Green,29/09/2020 11:55,7.7
325,Isle of Wight,Jessica Slack,29/09/2020 11:56,3.45
326,Isle of Wight,Katheryn Lang,29/09/2020 11:56,5.65
327,Isle of Wight,Michael Harrison,29/09/2020 11:57,2.45
328,Isle of Wight,Alejandra Homan,29/09/2020 11:58,7.15
329,Isle of Wight,Mary Marshall,29/09/2020 11:58,2.55
330,Isle of Wight,Valerie Bennett,29/09/2020 11:59,1.95
331,Isle of Wight,Frank Rosen,29/09/2020 12:00,5.1
332,Isle of Wight,Bob Law,29/09/2020 12:00,4.0
333,Isle of Wight,Cheryl Mooreland,29/09/2020 12:01,4.6
334,Isle of Wight,Margarita Koger,29/09/2020 12:02,6.6
335,Isle of Wight,Jennifer Ramsey,29/09/2020 12:02,8.3
336,Isle of Wight,Ricardo Perkins,29/09/2020 12:03,2.05
337,Isle of Wight,Dana Murphy,29/09/2020 12:04,9.65
338,Isle of Wight,Michael Reger,29/09/2020 12:04,6.05
339,Isle of Wight,Daniel Dawson,29/09/2020 12:05,1.5
340,Isle of Wight,Alexander Ingram,29/09/2020 12:06,12.4
341,Isle of Wight,Sonya Macumber,29/09/2020 12:06,6.2
342,Isle of Wight,Darlene Snyder,29/09/2020 12:07,11.3
343,Isle of Wight,Foster Martin,29/09/2020 12:08,8.25
344,Isle of Wight,Mary Grove,29/09/2020 12:08,2.3
345,Isle of Wight,Shantelle Chenier,29/09/2020 12:09,5.85
346,Isle of Wight,Rosalie Hernandez,29/09/2020 12:10,5.6
347,Isle of Wight,Stacy Smiley,29/09/2020 12:10,6.2
348,Isle of Wight,Mary Biggs,29/09/2020 12:11,7.6
349,Isle of Wight,Susan Mcgovern,29/09/2020 12:12,0.7
350,Isle of Wight,Deanna Stinchfield,29/09/2020 12:12,0.0
351,Isle of Wight,Diane Smith,29/09/2020 12:13,5.15
352,Isle of Wight,Maria Blacker,29/09/2020 12:14,2.35
353,Isle of Wight,Victor Scordato,29/09/2020 12:14,5.45
354,Isle of Wight,Linda Ernest,29/09/2020 12:15,2.7
355,Isle of Wight,Latoya Mitchell,29/09/2020 12:16,6.6
356,Isle of Wight,Bessie Dias,29/09/2020 12:16,4.85
357,Isle of Wight,Jose Smayda,29/09/2020 12:17,4.65
358,Isle of Wight,Doris Terry,29/09/2020 12:18,11.5
359,Isle of Wight,Robert Toney,29/09/2020 12:18,1.3
360,Isle of Wight,George Delaney,29/09/2020 12:19,6.3
361,Isle of Wight,Marina Cunningham,29/09/2020 12:20,9.0
362,Isle of Wight,Veronica Patterson,29/09/2020 12:20,2.75
363,Isle of Wight,Gary Brothers,29/09/2020 12:21,2.3
364,Isle of Wight,Melinda Leggitt,29/09/2020 12:22,6.8
365,Isle of Wight,Jose Anson,29/09/2020 12:22,6.7
366,Isle of Wight,Lynn Pacheco,29/09/2020 12:23,9.45
367,Isle of Wight,Teresa Lively,29/09/2020 12:24,7.0
368,Isle of Wight,Tracy Mckinney,29/09/2020 12:24,1.3
369,Isle of Wight,Dixie Wilkes,29/09/2020 12:25,2.15
370,Isle of Wight,Ernestine Tipton,29/09/2020 12:26,2.4
371,Isle of Wight,Linda Robinson,29/09/2020 12:26,8.8
372,Isle of Wight,David Brown,29/09/2020 12:27,1.5
373,Isle of Wight,James Blum,29/09/2020 12:28,4.55
374,Isle of Wight,Lois Echevarria,29/09/2020 12:28,5.2
375,Isle of Wight,Amy Roemer,29/09/2020 12:29,10.2
376,Isle of Wight,Scott Frederick,29/09/2020 12:30,5.0
377,Isle of Wight,James Mayo,29/09/2020 12:30,9.4
378,Isle of Wight,Thelma Green,29/09/2020 12:31,8.65
379,Isle of Wight,Gayle Vath,29/09/2020 12:32,8.2
380,Isle of Wight,Herbert Ashmore,29/09/2020 12:32,7.15
381,Isle of Wight,Cindy Walker,29/09/2020 12:33,9.25
382,Isle of Wight,Leslie Harrison,29/09/2020 12:34,5.15
383,Isle of Wight,Nancy Massey,29/09/2020 12:34,7.6
384,Isle of Wight,Chantell Byrd,29/09/2020 12:35,5.25
385,Isle of Wight,Ronald Quincy,29/09/2020 12:36,6.85
386,Isle of Wight,David Mueller,29/09/2020 12:36,3.9
387,Isle of Wight,Pauline Vierra,29/09/2020 12:37,1.8
388,Isle of Wight,Tina Greene,29/09/2020 12:38,9.8
389,Isle of Wight,Stephen Holte,29/09/2020 12:38,6.75
390,Isle of Wight,James Braun,29/09/2020 12:39,7.15
391,Isle of Wight,Albert Carr,29/09/2020 12:40,2.3
392,Isle of Wight,Aaron Falconio,29/09/2020 12:40,10.75
393,Isle of Wight,Arthur Adams,29/09/2020 12:41,9.15
394,Isle of Wight,Johnny Watson,29/09/2020 12:42,1.8
395,Isle of Wight,Dorothy Hansen,29/09/2020 12:42,3.9
396,Isle of Wight,James Long,29/09/2020 12:43,2.75
397,Isle of Wight,Mark Bass,29/09/2020 12:44,7.45
398,Isle of Wight,Russell Halverson,29/09/2020 12:44,5.15
399,Isle of Wight,Robert Arbeiter,29/09/2020 12:45,2.05
400,Isle of Wight,Deanna Sullivan,29/09/2020 12:46,10.0
401,Isle of Wight,Leonel Monachino,29/09/2020 12:46,2.55
402,Isle of Wight,Gregory Rudnicki,29/09/2020 12:47,2.35
403,Isle of Wight,Jeremy Noonan,29/09/2020 12:48,4.55
404,Isle of Wight,Jared Sybert,29/09/2020 12:48,5.5
405,Isle of Wight,Floyd Rogers,29/09/2020 12:49,6.8
406,Isle of Wight,Gerald Ramos,29/09/2020 12:50,2.0
407,Isle of Wight,Mary Pak,29/09/2020 12:50,8.55
408,Isle of Wight,Andrew Flores,29/09/2020 12:51,6.9
409,Isle of Wight,Elliott Sickafoose,29/09/2020 12:52,2.75
410,Isle of Wight,Judy Harrison,29/09/2020 12:52,11.15
411,Isle of Wight,George Clark,29/09/2020 12:53,3.3
412,Isle of Wight,Vernice Davis,29/09/2020 12:54,3.8
413,Isle of Wight,Delores Williams,29/09/2020 12:54,2.6
414,Isle of Wight,Fred Purser,29/09/2020 12:55,2.75
415,Isle of Wight,Daniel Kearney,29/09/2020 12:56,2.55
416,Isle of Wight,Therese Conner,29/09/2020 12:56,9.3
417,Isle of Wight,Christopher League,29/09/2020 12:57,5.95
418,Isle of Wight,Cynthia Horace,29/09/2020 12:58,9.35
419,Isle of Wight,David Abernethy,29/09/2020 12:58,7.1
420,Isle of Wight,Benjamin Kaufman,29/09/2020 12:59,6.6
421,Isle of Wight,Rachel Baker,29/09/2020 13:00,2.05
422,Isle of Wight,Terry Shultz,29/09/2020 13:00,8.8
423,Isle of Wight,Charles Rezac,29/09/2020 13:01,9.3
424,Isle of Wight,Sharon Devine,29/09/2020 13:02,2.6
425,Isle of Wight,Linda Day,29/09/2020 13:02,8.95
426,Isle of Wight,Joey Ocasio,29/09/2020 13:03,8.0
427,Isle of Wight,Connie Sweeney,29/09/2020 13:04,5.4
428,Isle of Wight,Daniel Perkins,29/09/2020 13:04,1.95
429,Isle of Wight,Dorothy Weaver,29/09/2020 13:05,11.2
430,Isle of Wight,Tricia Williams,29/09/2020 13:06,4.15
431,Isle of Wight,Laura Beighley,29/09/2020 13:06,3.6
432,Isle of Wight,Lloyd Stumpff,29/09/2020 13:07,2.0
433,Isle of Wight,James Chittenden,29/09/2020 13:08,3.85
434,Isle of Wight,Christina Weaver,29/09/2020 13:08,9.85
435,Isle of Wight,Marco Coleman,29/09/2020 13:09,8.8
436,Isle of Wight,Maria Nailor,29/09/2020 13:10,2.6
437,Isle of Wight,Johnny Alderete,29/09/2020 13:10,8.5
438,Isle of Wight,Alice Barnes,29/09/2020 13:11,3.65
439,Isle of Wight,Taylor Hamilton,29/09/2020 13:12,6.5
440,Isle of Wight,Teri Carter,29/09/2020 13:12,7.4
441,Isle of Wight,Donna Toolson,29/09/2020 13:13,10.9
442,Isle of Wight,Gerald Pitts,29/09/2020 13:14,6.6
443,Isle of Wight,Orville Brown,29/09/2020 13:14,5.05
444,Isle of Wight,Joan Houck,29/09/2020 13:15,9.95
445,Isle of Wight,Laurence Parker,29/09/2020 13:16,11.9
446,Isle of Wight,Donald Metcalfe,29/09/2020 13:16,3.6
447,Isle of Wight,Rose Flanigan,29/09/2020 13:17,7.15
448,Isle of Wight,Julie Smith,29/09/2020 13:18,3.25
449,Isle of Wight,Nancy Flowers,29/09/2020 13:18,2.75
450,Isle of Wight,Doris Carlone,29/09/2020 13:19,5.5
451,Isle of Wight,Jacqueline Cooks,29/09/2020 13:20,2.75
452,Isle of Wight,Janice Thompson,29/09/2020 13:20,8.45
453,Isle of Wight,Brian Dabney,29/09/2020 13:21,5.05
454,Isle of Wight,Shirley Miller,29/09/2020 13:22,11.35
455,Isle of Wight,Heather Parra,29/09/2020 13:22,1.3
456,Isle of Wight,Kenneth Cook,29/09/2020 13:23,5.05
457,Isle of Wight,Shane Bernard,29/09/2020 13:24,2.6
458,Isle of Wight,Dean Garcia,29/09/2020 13:24,4.25
459,Isle of Wight,Edwin Taylor,29/09/2020 13:25,6.9
460,Isle of Wight,Charles Higa,29/09/2020 13:26,4.9
461,Isle of Wight,Elsie Norton,29/09/2020 13:26,12.4
462,Isle of Wight,Brad Jamison,29/09/2020 13:27,6.3
463,Isle of Wight,Janet Brooks,29/09/2020 13:28,2.3
464,Isle of Wight,Erica Davis,29/09/2020 13:28,12.55
465,Isle of Wight,Penny Draper,29/09/2020 13:29,7.1
466,Isle of Wight,Joel Rinaldi,29/09/2020 13:30,8.0
467,Isle of Wight,Marie Edington,29/09/2020 13:30,2.6
468,Isle of Wight,Alberto Carmean,29/09/2020 13:31,10.25
469,Isle of Wight,Vita Tate,29/09/2020 13:32,8.5
470,Isle of Wight,Fredrick Nickels,29/09/2020 13:32,5.75
471,Isle of Wight,Ruth Walls,29/09/2020 13:33,3.2
472,Isle of Wight,David Herold,29/09/2020 13:34,9.0
473,Isle of Wight,Catherine Hatfield,29/09/2020 13:34,9.2
474,Isle of Wight,Mitzi Ross,29/09/2020 13:35,3.8
475,Isle of Wight,Karisa Medlin,29/09/2020 13:36,5.0
476,Isle of Wight,Chad Harris,29/09/2020 13:36,9.9
477,Isle of Wight,Nathan Anderson,29/09/2020 13:37,1.3
478,Isle of Wight,Robert Roberts,29/09/2020 13:38,3.7
479,Isle of Wight,Frances Estrella,29/09/2020 13:38,8.5
480,Isle of Wight,Terry Stocks,29/09/2020 13:39,1.3
481,Isle of Wight,Sylvia Shepard,29/09/2020 13:40,13.4
482,Isle of Wight,Laticia Price,29/09/2020 13:40,1.3
483,Isle of Wight,Stephanie Sentell,29/09/2020 13:41,5.0
484,Isle of Wight,Maria Franco,29/09/2020 13:42,10.4
485,Isle of Wight,Stella Mock,29/09/2020 13:42,9.45
486,Isle of Wight,Randolph Cockfield,29/09/2020 13:43,7.1
487,Isle of Wight,Johnny Smallwood,29/09/2020 13:44,10.5
488,Isle of Wight,Steven Allen,29/09/2020 13:44,6.7
489,Isle of Wight,Tyler Albert,29/09/2020 13:45,10.35
490,Isle of Wight,Jeanne Anderson,29/09/2020 13:46,3.3
491,Isle of Wight,Joseph Mcdonald,29/09/2020 13:46,7.65
492,Isle of Wight,Candelaria Yeend,29/09/2020 13:47,7.55
493,Isle of Wight,Shirley Freels,29/09/2020 13:48,4.75
494,Isle of Wight,Julia Sabo,29/09/2020 13:48,5.6
495,Isle of Wight,Cleveland Rose,29/09/2020 13:49,2.9
496,Isle of Wight,Joel Peterson,29/09/2020 13:50,2.9
497,Isle of Wight,Georgia Burrows,29/09/2020 13:50,2.9
498,Isle of Wight,Jeremy Hammer,29/09/2020 13:51,1.3
499,Isle of Wight,Stephen Kirk,29/09/2020 13:52,2.15
500,Isle of Wight,Ricky Young,29/09/2020 13:52,8.25
501,Isle of Wight,Phyllis Pulis,29/09/2020 13:53,5.15
502,Isle of Wight,Sara Boucher,29/09/2020 13:54,2.75
503,Isle of Wight,Christine Roscoe,29/09/2020 13:54,8.9
504,Isle of Wight,William Jennings,29/09/2020 13:55,5.0
505,Isle of Wight,Lucy Knight,29/09/2020 13:56,7.55
506,Isle of Wight,Alan Sharley,29/09/2020 13:56,3.9
507,Isle of Wight,Gary Sullivan,29/09/2020 13:57,2.75
508,Isle of Wight,Mary Brazill,29/09/2020 13:58,6.35
509,Isle of Wight,Thomas Pullon,29/09/2020 13:58,5.1
510,Isle of Wight,Elaine Mcgee,29/09/2020 13:59,4.15
511,Isle of Wight,Marjorie Gulbranson,29/09/2020 14:00,4.6
512,Isle of Wight,Jackson Webster,29/09/2020 14:00,10.8
513,Isle of Wight,Christopher Barron,29/09/2020 14:01,0.7
514,Isle of Wight,Elaine King,29/09/2020 14:02,7.55
515,Isle of Wight,Kevin James,29/09/2020 14:03,12.25
516,Isle of Wight,Robert Christman,29/09/2020 14:04,13.2
517,Isle of Wight,Charles Zupancic,29/09/2020 14:05,2.45
518,Isle of Wight,Jonathan Williams,29/09/2020 14:05,1.4
519,Isle of Wight,Arnold Thornton,29/09/2020 14:06,3.65
520,Isle of Wight,Paul Milosevic,29/09/2020 14:07,2.6
521,Isle of Wight,Thomas Wiles,29/09/2020 14:08,12.15
522,Isle of Wight,Christopher Jensen,29/09/2020 14:09,4.3
523,Isle of Wight,Susanna Ballard,29/09/2020 14:10,1.3
524,Isle of Wight,Edward Knox,29/09/2020 14:11,6.2
525,Isle of Wight,Maria Milliken,29/09/2020 14:11,6.85
526,Isle of Wight,Laura Jones,29/09/2020 14:12,7.25
527,Isle of Wight,Wendy Mills,29/09/2020 14:13,3.3
528,Isle of Wight,Louis Segura,29/09/2020 14:14,8.55
529,Isle of Wight,Barbara Riendeau,29/09/2020 14:15,3.75
530,Isle of Wight,Lawrence Carter,29/09/2020 14:16,5.3
531,Isle of Wight,Raymond Austin,29/09/2020 14:17,7.8
532,Isle of Wight,Sabrina Thomas,29/09/2020 14:17,5.2
533,Isle of Wight,Mary Wade,29/09/2020 14:18,5.2
534,Isle of Wight,James Watkins,29/09/2020 14:19,4.35
535,Isle of Wight,Juanita Winn,29/09/2020 14:20,4.55
536,Isle of Wight,Timothy Clark,29/09/2020 14:21,10.45
537,Isle of Wight,Chelsea Lee,29/09/2020 14:22,5.6
538,Isle of Wight,Joy Jensen,29/09/2020 14:22,1.3
539,Isle of Wight,Douglas Lipton,29/09/2020 14:23,2.75
540,Isle of Wight,Tamara Hudspeth,29/09/2020 14:24,2.25
541,Isle of Wight,John Weber,29/09/2020 14:25,8.25
542,Isle of Wight,Thomas Bailey,29/09/2020 14:26,2.75
543,Isle of Wight,Earl Robinson,29/09/2020 14:27,5.5
544,Isle of Wight,Rebecca Lux,29/09/2020 14:28,2.15
545,Isle of Wight,Kathryn Nelson,29/09/2020 14:28,10.4
546,Isle of Wight,John Brock,29/09/2020 14:29,4.95
547,Isle of Wight,Sylvia Brown,29/09/2020 14:30,4.85
548,Isle of Wight,Stephen Johnson,29/09/2020 14:31,2.15
549,Isle of Wight,Laura Fisher,29/09/2020 14:32,5.6
550,Isle of Wight,Tami Lopez,29/09/2020 14:33,2.0
551,Isle of Wight,Michael Durkin,29/09/2020 14:34,9.0
552,Isle of Wight,Christine Kemerer,29/09/2020 14:34,2.15
553,Isle of Wight,Diane Foulkes,29/09/2020 14:35,7.2
554,Isle of Wight,Jamie Pully,29/09/2020 14:36,2.55
555,Isle of Wight,Pearlene Rodriguez,29/09/2020 14:37,1.3
556,Isle of Wight,John Tanguma,29/09/2020 14:38,7.85
557,Isle of Wight,Mattie Rivera,29/09/2020 14:39,9.0
558,Isle of Wight,Carolyn Meeker,29/09/2020 14:39,2.6
559,Isle of Wight,Wanda Boothe,29/09/2020 14:40,7.55
560,Isle of Wight,Steve Dudenhoeffer,29/09/2020 14:41,5.25
561,Isle of Wight,Deena Patterson,29/09/2020 14:42,6.2
562,Isle of Wight,Carol Bremmer,29/09/2020 14:43,5.4
563,Isle of Wight,Mildred Palacios,29/09/2020 14:44,5.0
564,Isle of Wight,James Athan,29/09/2020 14:45,2.15
565,Isle of Wight,Deborah Harp,29/09/2020 14:45,7.55
566,Isle of Wight,David Taff,29/09/2020 14:46,1.4
567,Isle of Wight,Guadalupe Amin,29/09/2020 14:47,2.6
568,Isle of Wight,Ronald Conlisk,29/09/2020 14:48,12.7
569,Isle of Wight,Dorothy Boudreaux,29/09/2020 14:49,3.55
570,Isle of Wight,Evelyn Pickens,29/09/2020 14:50,2.85
571,Isle of Wight,Catherine Burgess,29/09/2020 14:51,2.15
572,Isle of Wight,Rosa Andaya,29/09/2020 14:51,5.0
573,Isle of Wight,Anthony Corder,29/09/2020 14:52,8.5
574,Isle of Wight,Naomi Reed,29/09/2020 14:53,4.05
575,Isle of Wight,Pam Barnes,29/09/2020 14:54,2.15
576,Isle of Wight,Bill Hausman,29/09/2020 14:55,12.7
577,Isle of Wight,Margie Johnson,29/09/2020 14:56,4.6
578,Isle of Wight,Carl Bushby,29/09/2020 14:56,9.05
579,Isle of Wight,Maxine Khan,29/09/2020 14:57,4.35
580,Isle of Wight,Louise Garner,29/09/2020 14:58,1.8
581,Isle of Wight,Janet Compton,29/09/2020 14:59,6.0
582,Isle of Wight,Pamela Birdsell,29/09/2020 15:00,8.55
583,Isle of Wight,Maria Johnson,29/09/2020 15:02,10.5
584,Isle of Wight,Jonathan Galindo,29/09/2020 15:04,8.75
585,Isle of Wight,Dennis Bowers,29/09/2020 15:06,5.05
586,Isle of Wight,Catherine Prince,29/09/2020 15:08,7.4
587,Isle of Wight,Phil Stuart,29/09/2020 15:10,10.45
588,Isle of Wight,Mary Williams,29/09/2020 15:12,5.3
589,Isle of Wight,Gladys Delgado,29/09/2020 15:14,6.3
590,Isle of Wight,Benjamin Appleby,29/09/2020 15:16,2.75
591,Isle of Wight,Irene Iniguez,29/09/2020 15:18,8.05
592,Isle of Wight,Willie Genovese,29/09/2020 15:20,6.9
593,Isle of Wight,Hollie Velasquez,29/09/2020 15:22,2.15
594,Isle of Wight,Sondra Ellis,29/09/2020 15:24,8.65
595,Isle of Wight,Kristen Donoho,29/09/2020 15:26,4.85
596,Isle of Wight,Candy Elio,29/09/2020 15:28,9.65
597,Isle of Wight,Richard Martin,29/09/2020 15:30,2.55
598,Isle of Wight,Anthony Clay,29/09/2020 15:32,1.3
599,Isle of Wight,Constance Graziano,29/09/2020 15:34,2.4
600,Isle of Wight,Lydia Atwood,29/09/2020 15:36,8.85
601,Isle of Wight,Pauline Kelley,29/09/2020 15:38,6.35
602,Isle of Wight,Merle Perryman,29/09/2020 15:40,5.9
603,Isle of Wight,Valerie Simpson,29/09/2020 15:42,2.5
604,Isle of Wight,Dale Hall,29/09/2020 15:44,7.9
605,Isle of Wight,Robert Mchone,29/09/2020 15:46,10.4
606,Isle of Wight,Glenda Washington,29/09/2020 15:48,9.65
607,Isle of Wight,Brandi Wagner,29/09/2020 15:50,1.3
608,Isle of Wight,Ted Stamps,29/09/2020 15:52,1.3
609,Isle of Wight,Terri Hilson,29/09/2020 15:54,10.65
610,Isle of Wight,Jessica Burnell,29/09/2020 15:56,1.3
611,Isle of Wight,Anita Mack,29/09/2020 15:58,5.3
612,Isle of Wight,Alice Xiong,29/09/2020 16:00,8.85
613,Isle of Wight,James Sandoval,29/09/2020 16:01,2.85
614,Isle of Wight,Cassandra Carlton,29/09/2020 16:03,4.95
615,Isle of Wight,Mark Woods,29/09/2020 16:04,4.65
616,Isle of Wight,Christopher Baker,29/09/2020 16:06,4.45
617,Isle of Wight,Maria Murrietta,29/09/2020 16:07,5.55
618,Isle of Wight,Charles Durant,29/09/2020 16:09,8.35
619,Isle of Wight,Harriet Bell,29/09/2020 16:10,5.75
620,Isle of Wight,Raymond Murphy,29/09/2020 16:12,8.9
621,Isle of Wight,James Boston,29/09/2020 16:13,8.95
622,Isle of Wight,Ruth Lambert,29/09/2020 16:15,5.25
623,Isle of Wight,Glenda Miller,29/09/2020 16:16,7.2
624,Isle of Wight,Philip Ritchey,29/09/2020 16:18,6.9
625,Isle of Wight,Stephen Gohn,29/09/2020 16:19,12.55
626,Isle of Wight,Judy Ward,29/09/2020 16:21,2.75
627,Isle of Wight,Dennis Harrill,29/09/2020 16:22,3.85
628,Isle of Wight,Eddie Vanblarcom,29/09/2020 16:24,4.95
629,Isle of Wight,Berry Offutt,29/09/2020 16:25,2.75
630,Isle of Wight,Mollie Jones,29/09/2020 16:27,2.0
631,Isle of Wight,Mark Dale,29/09/2020 16:28,4.1
632,Isle of Wight,Erma Brown,29/09/2020 16:30,2.8
633,Isle of Wight,Cathy Juran,29/09/2020 16:31,10.75
634,Isle of Wight,Martin Guajardo,29/09/2020 16:33,1.3
635,Isle of Wight,Stephanie Montgomery,29/09/2020 16:34,2.15
636,Isle of Wight,Trevor Schartz,29/09/2020 16:36,9.65
637,Isle of Wight,Diane Dobbins,29/09/2020 16:37,4.25
638,Isle of Wight,Chanda Kidd,29/09/2020 16:39,4.6
639,Isle of Wight,Marilyn Cooper,29/09/2020 16:40,2.25
640,Isle of Wight,Simone Lazarine,29/09/2020 16:42,9.5
641,Isle of Wight,Joan Davis,29/09/2020 16:43,12.75
642,Isle of Wight,Gus Cronk,29/09/2020 16:45,6.5
643,Isle of Wight,Brandy Yoo,29/09/2020 16:46,4.15
644,Isle of Wight,James Clay,29/09/2020 16:48,2.6
645,Isle of Wight,Bobbi Blish,29/09/2020 16:49,11.65
646,Isle of Wight,Kevin Parrish,29/09/2020 16:51,4.7
647,Isle of Wight,Robert Ventura,29/09/2020 16:52,9.05
648,Isle of Wight,Michael Smith,29/09/2020 16:54,5.45
649,Isle of Wight,Joe Blatz,29/09/2020 16:55,11.7
650,Isle of Wight,Emil Reddish,29/09/2020 16:57,2.75
651,Isle of Wight,Melissa Berglund,29/09/2020 16:58,11.8
652,Isle of Wight,Melvin Brown,29/09/2020 17:00,10.8
653,Isle of Wight,Andrea Jording,29/09/2020 17:01,6.9
654,Isle of Wight,Jack Garth,29/09/2020 17:03,11.35
655,Isle of Wight,Bill Boatner,29/09/2020 17:04,10.65
656,Isle of Wight,Willie Aracena,29/09/2020 17:06,11.1
657,Isle of Wight,Blaine Mugleston,29/09/2020 17:07,6.6
658,Isle of Wight,Frank Sanchez,29/09/2020 17:09,9.4
659,Isle of Wight,John Erlewine,29/09/2020 17:10,2.15
660,Isle of Wight,Candida Sapienza,29/09/2020 17:12,5.7
661,Isle of Wight,Vernon Calvin,29/09/2020 17:13,7.55
662,Isle of Wight,Nathan Vickery,29/09/2020 17:15,3.9
663,Isle of Wight,Shawn Brooks,29/09/2020 17:16,2.75
664,Isle of Wight,Alex Dearman,29/09/2020 17:18,3.65
665,Isle of Wight,Venus Lieber,29/09/2020 17:19,6.5
666,Isle of Wight,Joseph Peterson,29/09/2020 17:21,0.7
667,Isle of Wight,Paul Sexton,29/09/2020 17:22,1.95
668,Isle of Wight,John Walker,29/09/2020 17:24,2.75
669,Isle of Wight,Aaron Stevenson,29/09/2020 17:25,5.4
670,Isle of Wight,Joseph Duke,29/09/2020 17:27,4.05
671,Isle of Wight,Muriel Moss,29/09/2020 17:28,10.7
672,Isle of Wight,Ruth Ortiz,29/09/2020 17:30,8.25
673,Isle of Wight,Mary Fortin,29/09/2020 17:31,9.85
674,Isle of Wight,Milton Griffith,29/09/2020 17:33,2.7
675,Isle of Wight,Leontine Braden,29/09/2020 17:34,8.05
676,Isle of Wight,Judy Walker,29/09/2020 17:36,2.55
677,Isle of Wight,Roman Patton,29/09/2020 17:37,5.45
678,Isle of Wight,Tommy Goldsmith,29/09/2020 17:39,8.4
679,Isle of Wight,Alaine Misiaszek,29/09/2020 17:40,2.35
680,Isle of Wight,Charlotte Martin,29/09/2020 17:42,4.0
681,Isle of Wight,David Fortner,29/09/2020 17:43,4.2
682,Isle of Wight,Levi Marlatt,29/09/2020 17:45,11.85
683,Isle of Wight,Milford Bonner,29/09/2020 17:46,7.85
684,Isle of Wight,Byron Beyer,29/09/2020 17:48,6.3
685,Isle of Wight,Myron Brown,29/09/2020 17:49,11.3
686,Isle of Wight,Eric Ison,29/09/2020 17:51,10.45
687,Isle of Wight,Wesley Edwards,29/09/2020 17:52,6.25
688,Isle of Wight,Vern Pollak,29/09/2020 17:54,4.05
689,Isle of Wight,Michele Hayden,29/09/2020 17:55,9.35
690,Isle of Wight,Theodore Warner,29/09/2020 17:57,5.2
691,Isle of Wight,Diane Moreno,29/09/2020 17:58,7.25
